| [powiat aleksandrowski](https://pl.wikipedia.org/wiki/Powiat_aleksandrowski) | [Aleksandrów Kujawski](https://pl.wikipedia.org/wiki/Aleksandr%C3%B3w_Kujawski) | CAL | [kujawsko-pomorskie](https://pl.wikipedia.org/wiki/Wojew%C3%B3dztwo_kujawsko-pomorskie) | 474,63 | 55 007 | 115,89 | -2,59 |
| [powiat augustowski](https://pl.wikipedia.org/wiki/Powiat_augustowski) | [Augustów](https://pl.wikipedia.org/wiki/August%C3%B3w) | BAU | [podlaskie](https://pl.wikipedia.org/wiki/Wojew%C3%B3dztwo_podlaskie) | 1 659,39 | 57 908 | 34,90 | -5,10 |
| [powiat bartoszycki](https://pl.wikipedia.org/wiki/Powiat_bartoszycki) | [Bartoszyce](https://pl.wikipedia.org/wiki/Bartoszyce) | NBA | [warmińsko-mazurskie](https://pl.wikipedia.org/wiki/Wojew%C3%B3dztwo_warmi%C5%84sko-mazurskie) | 1 307,49 | 56 891 | 43,51 | -13,03 |
| [powiat bełchatowski](https://pl.wikipedia.org/wiki/Powiat_be%C5%82chatowski) | [Bełchatów](https://pl.wikipedia.org/wiki/Be%C5%82chat%C3%B3w) | EBE | [łódzkie](https://pl.wikipedia.org/wiki/Wojew%C3%B3dztwo_%C5%82%C3%B3dzkie) | 967,60 | 112 702 | 116,48 | -2,05 |
| [powiat będziński](https://pl.wikipedia.org/wiki/Powiat_b%C4%99dzi%C5%84ski) | [Będzin](https://pl.wikipedia.org/wiki/B%C4%99dzin) | SBE, SE, SBN, IBE, IE, IBN | [śląskie](https://pl.wikipedia.org/wiki/Wojew%C3%B3dztwo_%C5%9Bl%C4%85skie) | 364,13 | 147 816 | 405,94 | -4,71 |
| [powiat bialski](https://pl.wikipedia.org/wiki/Powiat_bialski) | Biała Podlaska | LBI | [lubelskie](https://pl.wikipedia.org/wiki/Wojew%C3%B3dztwo_lubelskie) | 2 754,26 | 110 454 | 40,10 | -5,62 |
| [Biała Podlaska](https://pl.wikipedia.org/wiki/Bia%C5%82a_Podlaska) | miasto na prawach powiatu | LB | [lubelskie](https://pl.wikipedia.org/wiki/Wojew%C3%B3dztwo_lubelskie) | 49,40 | 57 194 | 1 157,77 | -1,22 |
| [powiat białobrzeski](https://pl.wikipedia.org/wiki/Powiat_bia%C5%82obrzeski) | [Białobrzegi](https://pl.wikipedia.org/wiki/Bia%C5%82obrzegi) | WBR, ABR | [mazowieckie](https://pl.wikipedia.org/wiki/Wojew%C3%B3dztwo_mazowieckie) | 639,10 | 33 332 | 52,15 | -5,73 |
| [powiat białogardzki](https://pl.wikipedia.org/wiki/Powiat_bia%C5%82ogardzki) | [Białogard](https://pl.wikipedia.org/wiki/Bia%C5%82ogard) | ZBI | [zachodniopomorskie](https://pl.wikipedia.org/wiki/Wojew%C3%B3dztwo_zachodniopomorskie) | 845,46 | 47 434 | 56,10 | -5,51 |
| [powiat białostocki](https://pl.wikipedia.org/wiki/Powiat_bia%C5%82ostocki) | Białystok | BIA, BIB | [podlaskie](https://pl.wikipedia.org/wiki/Wojew%C3%B3dztwo_podlaskie) | 2 976,44 | 150 333 | 50,51 | 10,68 |
| [Białystok](https://pl.wikipedia.org/wiki/Bia%C5%82ystok) | [miasto na prawach powiatu](https://pl.wikipedia.org/wiki/Miasto_na_prawach_powiatu) | BI | [podlaskie](https://pl.wikipedia.org/wiki/Wojew%C3%B3dztwo_podlaskie) | 102,13 | 297 585 | 2 913,79 | 0,77 |
| [powiat bielski](https://pl.wikipedia.org/wiki/Powiat_bielski_(wojew%C3%B3dztwo_%C5%9Bl%C4%85skie)) | Bielsko-Biała | SBI, IBI | [śląskie](https://pl.wikipedia.org/wiki/Wojew%C3%B3dztwo_%C5%9Bl%C4%85skie) | 458,64 | 166 215 | 362,41 | 5,09 |
| [powiat bielski](https://pl.wikipedia.org/wiki/Powiat_bielski_(wojew%C3%B3dztwo_podlaskie)) | [Bielsk Podlaski](https://pl.wikipedia.org/wiki/Bielsk_Podlaski) | BBI | [podlaskie](https://pl.wikipedia.org/wiki/Wojew%C3%B3dztwo_podlaskie) | 1 385,09 | 54 058 | 39,03 | -9,75 |
| [Bielsko-Biała](https://pl.wikipedia.org/wiki/Bielsko-Bia%C5%82a) | miasto na prawach powiatu | SB, IB | [śląskie](https://pl.wikipedia.org/wiki/Wojew%C3%B3dztwo_%C5%9Bl%C4%85skie) | 124,51 | 170 303 | 1 367,79 | -3,80 |
| [powiat bieruńsko-lędziński](https://pl.wikipedia.org/wiki/Powiat_bieru%C5%84sko-l%C4%99dzi%C5%84ski) | [Bieruń](https://pl.wikipedia.org/wiki/Bieru%C5%84) | SBL, IBL | [śląskie](https://pl.wikipedia.org/wiki/Wojew%C3%B3dztwo_%C5%9Bl%C4%85skie) | 158,15 | 59 864 | 378,53 | 2,50 |
| [powiat bieszczadzki](https://pl.wikipedia.org/wiki/Powiat_bieszczadzki) | [Ustrzyki Dolne](https://pl.wikipedia.org/wiki/Ustrzyki_Dolne) | RBI, YBI | [podkarpackie](https://pl.wikipedia.org/wiki/Wojew%C3%B3dztwo_podkarpackie) | 1 139,07 | 21 576 | 18,94 | -10,23 |
| [powiat biłgorajski](https://pl.wikipedia.org/wiki/Powiat_bi%C5%82gorajski) | [Biłgoraj](https://pl.wikipedia.org/wiki/Bi%C5%82goraj) | LBL | [lubelskie](https://pl.wikipedia.org/wiki/Wojew%C3%B3dztwo_lubelskie) | 1681,10 | 100 617 | 59,85 | -5,29 |
| [powiat bocheński](https://pl.wikipedia.org/wiki/Powiat_boche%C5%84ski) | [Bochnia](https://pl.wikipedia.org/wiki/Bochnia) | KBC, KBA, JBC, JBA | [małopolskie](https://pl.wikipedia.org/wiki/Wojew%C3%B3dztwo_ma%C5%82opolskie) | 648,56 | 107 023 | 165,02 | 3,72 |
| [powiat bolesławiecki](https://pl.wikipedia.org/wiki/Powiat_boles%C5%82awiecki) | [Bolesławiec](https://pl.wikipedia.org/wiki/Boles%C5%82awiec) | DBL, VBL | [dolnośląskie](https://pl.wikipedia.org/wiki/Wojew%C3%B3dztwo_dolno%C5%9Bl%C4%85skie) | 1 303,51 | 90 032 | 69,07 | -0,84 |
| [powiat braniewski](https://pl.wikipedia.org/wiki/Powiat_braniewski) | [Braniewo](https://pl.wikipedia.org/wiki/Braniewo) | NBR | [warmińsko-mazurskie](https://pl.wikipedia.org/wiki/Wojew%C3%B3dztwo_warmi%C5%84sko-mazurskie) | 1 201,65 | 40 927 | 34,06 | -7,18 |
| [powiat brodnicki](https://pl.wikipedia.org/wiki/Powiat_brodnicki) | [Brodnica](https://pl.wikipedia.org/wiki/Brodnica) | CBR | [kujawsko-pomorskie](https://pl.wikipedia.org/wiki/Wojew%C3%B3dztwo_kujawsko-pomorskie) | 1 039,97 | 79 129 | 76,09 | 2,46 |
| [powiat brzeski](https://pl.wikipedia.org/wiki/Powiat_brzeski_(wojew%C3%B3dztwo_ma%C5%82opolskie)) | [Brzesko](https://pl.wikipedia.org/wiki/Brzesko) | KBR, JBR | [małopolskie](https://pl.wikipedia.org/wiki/Wojew%C3%B3dztwo_ma%C5%82opolskie) | 590,52 | 93 125 | 157,70 | -0,15 |
| [powiat brzeski](https://pl.wikipedia.org/wiki/Powiat_brzeski_(wojew%C3%B3dztwo_opolskie)) | [Brzeg](https://pl.wikipedia.org/wiki/Brzeg_(miasto)) | OB | [opolskie](https://pl.wikipedia.org/wiki/Wojew%C3%B3dztwo_opolskie) | 875,96 | 89 632 | 102,32 | -4,69 |
| [powiat brzeziński](https://pl.wikipedia.org/wiki/Powiat_brzezi%C5%84ski) | [Brzeziny](https://pl.wikipedia.org/wiki/Brzeziny) | EBR | [łódzkie](https://pl.wikipedia.org/wiki/Wojew%C3%B3dztwo_%C5%82%C3%B3dzkie) | 358,56 | 30 793 | 85,88 | -0,81 |
| [powiat brzozowski](https://pl.wikipedia.org/wiki/Powiat_brzozowski) | [Brzozów](https://pl.wikipedia.org/wiki/Brzoz%C3%B3w) | RBR, YBR | [podkarpackie](https://pl.wikipedia.org/wiki/Wojew%C3%B3dztwo_podkarpackie) | 539,34 | 65 523 | 121,49 | -1,96 |
| [powiat buski](https://pl.wikipedia.org/wiki/Powiat_buski) | [Busko-Zdrój](https://pl.wikipedia.org/wiki/Busko-Zdr%C3%B3j) | TBU | [świętokrzyskie](https://pl.wikipedia.org/wiki/Wojew%C3%B3dztwo_%C5%9Bwi%C4%99tokrzyskie) | 968,00 | 71 451 | 73,81 | -4,96 |
| [powiat bydgoski](https://pl.wikipedia.org/wiki/Powiat_bydgoski) | Bydgoszcz | CBY, CBC | [kujawsko-pomorskie](https://pl.wikipedia.org/wiki/Wojew%C3%B3dztwo_kujawsko-pomorskie) | 1 394,12 | 119 448 | 85,68 | 11,92 |
| [Bydgoszcz](https://pl.wikipedia.org/wiki/Bydgoszcz) | miasto na prawach powiatu | CB | [kujawsko-pomorskie](https://pl.wikipedia.org/wiki/Wojew%C3%B3dztwo_kujawsko-pomorskie) | 175,98 | 346 739 | 1 970,33 | -6,54 |
| [Bytom](https://pl.wikipedia.org/wiki/Bytom) | miasto na prawach powiatu | SY, IY | [śląskie](https://pl.wikipedia.org/wiki/Wojew%C3%B3dztwo_%C5%9Bl%C4%85skie) | 69,44 | 164 447 | 2 368,19 | -9,21 |
| [powiat bytowski](https://pl.wikipedia.org/wiki/Powiat_bytowski) | [Bytów](https://pl.wikipedia.org/wiki/Byt%C3%B3w) | GBY, XBY | [pomorskie](https://pl.wikipedia.org/wiki/Wojew%C3%B3dztwo_pomorskie) | 2 192,07 | 79 136 | 36,10 | -1,56 |
| [Chełm](https://pl.wikipedia.org/wiki/Che%C5%82m) | miasto na prawach powiatu | LC | [lubelskie](https://pl.wikipedia.org/wiki/Wojew%C3%B3dztwo_lubelskie) | 35,28 | 61 588 | 1 745,69 | -11,92 |
| [powiat chełmiński](https://pl.wikipedia.org/wiki/Powiat_che%C5%82mi%C5%84ski) | [Chełmno](https://pl.wikipedia.org/wiki/Che%C5%82mno) | CCH | [kujawsko-pomorskie](https://pl.wikipedia.org/wiki/Wojew%C3%B3dztwo_kujawsko-pomorskie) | 526,94 | 51 817 | 98,34 | -3,86 |
| [powiat chełmski](https://pl.wikipedia.org/wiki/Powiat_che%C5%82mski) | Chełm | LCH | [lubelskie](https://pl.wikipedia.org/wiki/Wojew%C3%B3dztwo_lubelskie) | 1 885,60 | 77 752 | 41,23 | -4,12 |
| [powiat chodzieski](https://pl.wikipedia.org/wiki/Powiat_chodzieski) | [Chodzież](https://pl.wikipedia.org/wiki/Chodzie%C5%BC) | PCH, MCH | [wielkopolskie](https://pl.wikipedia.org/wiki/Wojew%C3%B3dztwo_wielkopolskie) | 685,06 | 46 955 | 68,54 | -4,52 |
| [powiat chojnicki](https://pl.wikipedia.org/wiki/Powiat_chojnicki) | [Chojnice](https://pl.wikipedia.org/wiki/Chojnice) | GCH, XCH | [pomorskie](https://pl.wikipedia.org/wiki/Wojew%C3%B3dztwo_pomorskie) | 1 364,21 | 97 677 | 71,60 | 0,62 |
| [Chorzów](https://pl.wikipedia.org/wiki/Chorz%C3%B3w) | miasto na prawach powiatu | SH, IH | [śląskie](https://pl.wikipedia.org/wiki/Wojew%C3%B3dztwo_%C5%9Bl%C4%85skie) | 33,24 | 107 443 | 3 232,34 | -4,82 |
| [powiat choszczeński](https://pl.wikipedia.org/wiki/Powiat_choszcze%C5%84ski) | [Choszczno](https://pl.wikipedia.org/wiki/Choszczno) | ZCH | [zachodniopomorskie](https://pl.wikipedia.org/wiki/Wojew%C3%B3dztwo_zachodniopomorskie) | 1 327,63 | 48 035 | 36,18 | -7,93 |
| [powiat chrzanowski](https://pl.wikipedia.org/wiki/Powiat_chrzanowski) | [Chrzanów](https://pl.wikipedia.org/wiki/Chrzan%C3%B3w) | KCH, JCH | [małopolskie](https://pl.wikipedia.org/wiki/Wojew%C3%B3dztwo_ma%C5%82opolskie) | 370,12 | 124 190 | 335,54 | -5,98 |
| [powiat ciechanowski](https://pl.wikipedia.org/wiki/Powiat_ciechanowski) | [Ciechanów](https://pl.wikipedia.org/wiki/Ciechan%C3%B3w) | WCI, ACI | [mazowieckie](https://pl.wikipedia.org/wiki/Wojew%C3%B3dztwo_mazowieckie) | 1 059,80 | 89 213 | 84,18 | -2,76 |
| [powiat cieszyński](https://pl.wikipedia.org/wiki/Powiat_cieszy%C5%84ski) | [Cieszyn](https://pl.wikipedia.org/wiki/Cieszyn) | SCI, SCN, ICI, ICN | [śląskie](https://pl.wikipedia.org/wiki/Wojew%C3%B3dztwo_%C5%9Bl%C4%85skie) | 730,29 | 178 005 | 243,75 | -0,79 |
| [powiat czarnkowsko-trzcianecki](https://pl.wikipedia.org/wiki/Powiat_czarnkowsko-trzcianecki) | [Czarnków](https://pl.wikipedia.org/wiki/Czarnk%C3%B3w) | PCT, MCT | [wielkopolskie](https://pl.wikipedia.org/wiki/Wojew%C3%B3dztwo_wielkopolskie) | 1 806,05 | 86 868 | 48,10 | -4,16 |
| [Częstochowa](https://pl.wikipedia.org/wiki/Cz%C4%99stochowa) | miasto na prawach powiatu | SC, IC | [śląskie](https://pl.wikipedia.org/wiki/Wojew%C3%B3dztwo_%C5%9Bl%C4%85skie) | 159,71 | 219 278 | 1 372,98 | -8,92 |
| [powiat częstochowski](https://pl.wikipedia.org/wiki/Powiat_cz%C4%99stochowski) | Częstochowa | SCZ, ICZ | [śląskie](https://pl.wikipedia.org/wiki/Wojew%C3%B3dztwo_%C5%9Bl%C4%85skie) | 1 522,05 | 134 341 | 88,26 | -2,20 |
| [powiat człuchowski](https://pl.wikipedia.org/wiki/Powiat_cz%C5%82uchowski) | [Człuchów](https://pl.wikipedia.org/wiki/Cz%C5%82uch%C3%B3w) | GCZ, XCZ | [pomorskie](https://pl.wikipedia.org/wiki/Wojew%C3%B3dztwo_pomorskie) | 1 575,27 | 55 933 | 35,51 | -5,19 |
| [Dąbrowa Górnicza](https://pl.wikipedia.org/wiki/D%C4%85browa_G%C3%B3rnicza) | miasto na prawach powiatu | SD, ID | [śląskie](https://pl.wikipedia.org/wiki/Wojew%C3%B3dztwo_%C5%9Bl%C4%85skie) | 188,73 | 118 899 | 630,00 | -7,52 |
| [powiat dąbrowski](https://pl.wikipedia.org/wiki/Powiat_d%C4%85browski) | [Dąbrowa Tarnowska](https://pl.wikipedia.org/wiki/D%C4%85browa_Tarnowska) | KDA, JDA | [małopolskie](https://pl.wikipedia.org/wiki/Wojew%C3%B3dztwo_ma%C5%82opolskie) | 530,25 | 59 147 | 111,55 | -1,35 |
| [powiat dębicki](https://pl.wikipedia.org/wiki/Powiat_d%C4%99bicki) | [Dębica](https://pl.wikipedia.org/wiki/D%C4%99bica) | RDE, YDE | [podkarpackie](https://pl.wikipedia.org/wiki/Wojew%C3%B3dztwo_podkarpackie) | 777,48 | 135 282 | 174,00 | -0,49 |
| [powiat drawski](https://pl.wikipedia.org/wiki/Powiat_drawski) | [Drawsko Pomorskie](https://pl.wikipedia.org/wiki/Drawsko_Pomorskie) | ZDR | [zachodniopomorskie](https://pl.wikipedia.org/wiki/Wojew%C3%B3dztwo_zachodniopomorskie) | 1 764,24 | 56 842 | 32,22 | -5,75 |
| [powiat działdowski](https://pl.wikipedia.org/wiki/Powiat_dzia%C5%82dowski) | [Działdowo](https://pl.wikipedia.org/wiki/Dzia%C5%82dowo) | NDZ | [warmińsko-mazurskie](https://pl.wikipedia.org/wiki/Wojew%C3%B3dztwo_warmi%C5%84sko-mazurskie) | 953,93 | 64 966 | 68,10 | -4,93 |
| [powiat dzierżoniowski](https://pl.wikipedia.org/wiki/Powiat_dzier%C5%BConiowski) | [Dzierżoniów](https://pl.wikipedia.org/wiki/Dzier%C5%BConi%C3%B3w) | DDZ, VDZ | [dolnośląskie](https://pl.wikipedia.org/wiki/Wojew%C3%B3dztwo_dolno%C5%9Bl%C4%85skie) | 478,51 | 100 519 | 210,07 | -5,92 |
| [Elbląg](https://pl.wikipedia.org/wiki/Elbl%C4%85g) | miasto na prawach powiatu | NE | [warmińsko-mazurskie](https://pl.wikipedia.org/wiki/Wojew%C3%B3dztwo_warmi%C5%84sko-mazurskie) | 79,82 | 119 097 | 1 492,07 | -5,54 |
| [powiat elbląski](https://pl.wikipedia.org/wiki/Powiat_elbl%C4%85ski) | Elbląg | NEB | [warmińsko-mazurskie](https://pl.wikipedia.org/wiki/Wojew%C3%B3dztwo_warmi%C5%84sko-mazurskie) | 1 415,58 | 57 056 | 40,31 | -5,91 |
| [powiat ełcki](https://pl.wikipedia.org/wiki/Powiat_e%C5%82cki) | [Ełk](https://pl.wikipedia.org/wiki/E%C5%82k) | NEL | [warmińsko-mazurskie](https://pl.wikipedia.org/wiki/Wojew%C3%B3dztwo_warmi%C5%84sko-mazurskie) | 1 112,79 | 91 613 | 82,33 | 1,83 |
| [powiat garwoliński](https://pl.wikipedia.org/wiki/Powiat_garwoli%C5%84ski) | [Garwolin](https://pl.wikipedia.org/wiki/Garwolin) | WG, AG | [mazowieckie](https://pl.wikipedia.org/wiki/Wojew%C3%B3dztwo_mazowieckie) | 1 284,83 | 108 940 | 84,79 | 0,28 |
| [Gdańsk](https://pl.wikipedia.org/wiki/Gda%C5%84sk) | miasto na prawach powiatu | GD, XD | [pomorskie](https://pl.wikipedia.org/wiki/Wojew%C3%B3dztwo_pomorskie) | 261,96 | 471 525 | 1 799,99 | 7,19 |
| [powiat gdański](https://pl.wikipedia.org/wiki/Powiat_gda%C5%84ski) | [Pruszcz Gdański](https://pl.wikipedia.org/wiki/Pruszcz_Gda%C5%84ski) | GDA, XDA | [pomorskie](https://pl.wikipedia.org/wiki/Wojew%C3%B3dztwo_pomorskie) | 793,75 | 119 362 | 150,38 | 16,26 |
| [Gdynia](https://pl.wikipedia.org/wiki/Gdynia) | miasto na prawach powiatu | GA, XA | [pomorskie](https://pl.wikipedia.org/wiki/Wojew%C3%B3dztwo_pomorskie) | 135,14 | 245 867 | 1 819,35 | -1,53 |
| [powiat giżycki](https://pl.wikipedia.org/wiki/Powiat_gi%C5%BCycki) | [Giżycko](https://pl.wikipedia.org/wiki/Gi%C5%BCycko) | NGI | [warmińsko-mazurskie](https://pl.wikipedia.org/wiki/Wojew%C3%B3dztwo_warmi%C5%84sko-mazurskie) | 1 119,51 | 56 465 | 50,44 | -3,46 |
| [Gliwice](https://pl.wikipedia.org/wiki/Gliwice) | miasto na prawach powiatu | SG, IG | [śląskie](https://pl.wikipedia.org/wiki/Wojew%C3%B3dztwo_%C5%9Bl%C4%85skie) | 133,88 | 178 186 | 1 330,94 | -5,40 |
| [powiat gliwicki](https://pl.wikipedia.org/wiki/Powiat_gliwicki) | Gliwice | SGL, IGL | [śląskie](https://pl.wikipedia.org/wiki/Wojew%C3%B3dztwo_%C5%9Bl%C4%85skie) | 664,37 | 115 540 | 173,91 | -0,27 |
| [powiat głogowski](https://pl.wikipedia.org/wiki/Powiat_g%C5%82ogowski) | [Głogów](https://pl.wikipedia.org/wiki/G%C5%82og%C3%B3w) | DGL, VGL | [dolnośląskie](https://pl.wikipedia.org/wiki/Wojew%C3%B3dztwo_dolno%C5%9Bl%C4%85skie) | 443,27 | 88 852 | 200,45 | -5,23 |
| [powiat głubczycki](https://pl.wikipedia.org/wiki/Powiat_g%C5%82ubczycki) | [Głubczyce](https://pl.wikipedia.org/wiki/G%C5%82ubczyce) | OGL | [opolskie](https://pl.wikipedia.org/wiki/Wojew%C3%B3dztwo_opolskie) | 672,63 | 45 291 | 67,33 | -8,49 |
| [powiat gnieźnieński](https://pl.wikipedia.org/wiki/Powiat_gnie%C5%BAnie%C5%84ski) | [Gniezno](https://pl.wikipedia.org/wiki/Gniezno) | PGN, MGN | [wielkopolskie](https://pl.wikipedia.org/wiki/Wojew%C3%B3dztwo_wielkopolskie) | 1 255,03 | 145 393 | 115,85 | 1,34 |
| [powiat goleniowski](https://pl.wikipedia.org/wiki/Powiat_goleniowski) | [Goleniów](https://pl.wikipedia.org/wiki/Goleni%C3%B3w) | ZGL | [zachodniopomorskie](https://pl.wikipedia.org/wiki/Wojew%C3%B3dztwo_zachodniopomorskie) | 1 615,48 | 82 396 | 51,00 | -0,27 |
| [powiat golubsko-dobrzyński](https://pl.wikipedia.org/wiki/Powiat_golubsko-dobrzy%C5%84ski) | [Golub-Dobrzyń](https://pl.wikipedia.org/wiki/Golub-Dobrzy%C5%84) | CGD | [kujawsko-pomorskie](https://pl.wikipedia.org/wiki/Wojew%C3%B3dztwo_kujawsko-pomorskie) | 612,85 | 44 952 | 73,35 | -2,37 |
| [powiat gołdapski](https://pl.wikipedia.org/wiki/Powiat_go%C5%82dapski) | [Gołdap](https://pl.wikipedia.org/wiki/Go%C5%82dap) | NGO | [warmińsko-mazurskie](https://pl.wikipedia.org/wiki/Wojew%C3%B3dztwo_warmi%C5%84sko-mazurskie) | 772,29 | 26 625 | 34,48 | -7,46 |
| [powiat gorlicki](https://pl.wikipedia.org/wiki/Powiat_gorlicki) | [Gorlice](https://pl.wikipedia.org/wiki/Gorlice) | KGR, JGR | [małopolskie](https://pl.wikipedia.org/wiki/Wojew%C3%B3dztwo_ma%C5%82opolskie) | 966,46 | 108 778 | 112,55 | -1,47 |
| [powiat gorzowski](https://pl.wikipedia.org/wiki/Powiat_gorzowski) | Gorzów Wielkopolski | FGW | [lubuskie](https://pl.wikipedia.org/wiki/Wojew%C3%B3dztwo_lubuskie) | 1 214,23 | 72 054 | 59,34 | 5,37 |
| [Gorzów Wielkopolski](https://pl.wikipedia.org/wiki/Gorz%C3%B3w_Wielkopolski) | miasto na prawach powiatu | FG | [lubuskie](https://pl.wikipedia.org/wiki/Wojew%C3%B3dztwo_lubuskie) | 85,72 | 123 341 | 1 438,88 | -2,83 |
| [powiat gostyniński](https://pl.wikipedia.org/wiki/Powiat_gostyni%C5%84ski) | [Gostynin](https://pl.wikipedia.org/wiki/Gostynin) | WGS, AGS | [mazowieckie](https://pl.wikipedia.org/wiki/Wojew%C3%B3dztwo_mazowieckie) | 614,81 | 44 761 | 72,80 | -6,64 |
| [powiat gostyński](https://pl.wikipedia.org/wiki/Powiat_gosty%C5%84ski) | [Gostyń](https://pl.wikipedia.org/wiki/Gosty%C5%84) | PGS, MGS | [wielkopolskie](https://pl.wikipedia.org/wiki/Wojew%C3%B3dztwo_wielkopolskie) | 810,25 | 75 907 | 93,68 | -0,13 |
| [powiat górowski](https://pl.wikipedia.org/wiki/Powiat_g%C3%B3rowski) | [Góra](https://pl.wikipedia.org/wiki/G%C3%B3ra_(miasto)) | DGR, VGR | [dolnośląskie](https://pl.wikipedia.org/wiki/Wojew%C3%B3dztwo_dolno%C5%9Bl%C4%85skie) | 738,27 | 34 698 | 47,00 | -9,96 |
| [powiat grajewski](https://pl.wikipedia.org/wiki/Powiat_grajewski) | [Grajewo](https://pl.wikipedia.org/wiki/Grajewo) | BGR | [podlaskie](https://pl.wikipedia.org/wiki/Wojew%C3%B3dztwo_podlaskie) | 967,62 | 47 039 | 48,61 | -6,63 |
| [powiat grodziski](https://pl.wikipedia.org/wiki/Powiat_grodziski_(wojew%C3%B3dztwo_mazowieckie)) | [Grodzisk Mazowiecki](https://pl.wikipedia.org/wiki/Grodzisk_Mazowiecki) | [mazowieckie](https://pl.wikipedia.org/wiki/Wojew%C3%B3dztwo_mazowieckie) | 367,04 | 96 698 | 263,45 | 18,28 |
| [powiat grodziski](https://pl.wikipedia.org/wiki/Powiat_grodziski_(wojew%C3%B3dztwo_wielkopolskie)) | [Grodzisk Wielkopolski](https://pl.wikipedia.org/wiki/Grodzisk_Wielkopolski) | PGO, MGO | [wielkopolskie](https://pl.wikipedia.org/wiki/Wojew%C3%B3dztwo_wielkopolskie) | 641,87 | 51 940 | 80,92 | -0,92 |
| [powiat grójecki](https://pl.wikipedia.org/wiki/Powiat_gr%C3%B3jecki) | [Grójec](https://pl.wikipedia.org/wiki/Gr%C3%B3jec) | WGR, AGR | [mazowieckie](https://pl.wikipedia.org/wiki/Wojew%C3%B3dztwo_mazowieckie) | 1 267,73 | 98 173 | 77,44 | -1,64 |
| [Grudziądz](https://pl.wikipedia.org/wiki/Grudzi%C4%85dz) | miasto na prawach powiatu | CG | [kujawsko-pomorskie](https://pl.wikipedia.org/wiki/Wojew%C3%B3dztwo_kujawsko-pomorskie) | 57,76 | 94 076 | 1 628,74 | -6,92 |
| [powiat grudziądzki](https://pl.wikipedia.org/wiki/Powiat_grudzi%C4%85dzki) | Grudziądz | CGR | [kujawsko-pomorskie](https://pl.wikipedia.org/wiki/Wojew%C3%B3dztwo_kujawsko-pomorskie) | 727,76 | 40 202 | 55,24 | 0,52 |
| [powiat gryficki](https://pl.wikipedia.org/wiki/Powiat_gryficki) | [Gryfice](https://pl.wikipedia.org/wiki/Gryfice) | ZGY | [zachodniopomorskie](https://pl.wikipedia.org/wiki/Wojew%C3%B3dztwo_zachodniopomorskie) | 1 021,05 | 60 025 | 58,79 | -7,42 |
| [powiat gryfiński](https://pl.wikipedia.org/wiki/Powiat_gryfi%C5%84ski) | [Gryfino](https://pl.wikipedia.org/wiki/Gryfino) | ZGR | [zachodniopomorskie](https://pl.wikipedia.org/wiki/Wojew%C3%B3dztwo_zachodniopomorskie) | 1 869,11 | 81 598 | 43,66 | -8,02 |
| [powiat hajnowski](https://pl.wikipedia.org/wiki/Powiat_hajnowski) | [Hajnówka](https://pl.wikipedia.org/wiki/Hajn%C3%B3wka) | BHA | [podlaskie](https://pl.wikipedia.org/wiki/Wojew%C3%B3dztwo_podlaskie) | 1 623,53 | 42 293 | 26,05 | -13,02 |
| [powiat hrubieszowski](https://pl.wikipedia.org/wiki/Powiat_hrubieszowski) | [Hrubieszów](https://pl.wikipedia.org/wiki/Hrubiesz%C3%B3w) | LHR | [lubelskie](https://pl.wikipedia.org/wiki/Wojew%C3%B3dztwo_lubelskie) | 1 268,02 | 62 473 | 49,27 | -13,38 |
| [powiat iławski](https://pl.wikipedia.org/wiki/Powiat_i%C5%82awski) | [Iława](https://pl.wikipedia.org/wiki/I%C5%82awa) | NIL | [warmińsko-mazurskie](https://pl.wikipedia.org/wiki/Wojew%C3%B3dztwo_warmi%C5%84sko-mazurskie) | 1 385,22 | 92 826 | 67,01 | -1,15 |
| [powiat inowrocławski](https://pl.wikipedia.org/wiki/Powiat_inowroc%C5%82awski) | [Inowrocław](https://pl.wikipedia.org/wiki/Inowroc%C5%82aw) | CIN | [kujawsko-pomorskie](https://pl.wikipedia.org/wiki/Wojew%C3%B3dztwo_kujawsko-pomorskie) | 1 225,18 | 159 311 | 130,03 | -5,65 |
| [powiat janowski](https://pl.wikipedia.org/wiki/Powiat_janowski) | [Janów Lubelski](https://pl.wikipedia.org/wiki/Jan%C3%B3w_Lubelski) | LJA | [lubelskie](https://pl.wikipedia.org/wiki/Wojew%C3%B3dztwo_lubelskie) | 875,28 | 45 503 | 51,99 | -7,46 |
| [powiat jarociński](https://pl.wikipedia.org/wiki/Powiat_jaroci%C5%84ski) | [Jarocin](https://pl.wikipedia.org/wiki/Jarocin) | PJA, MJA | [wielkopolskie](https://pl.wikipedia.org/wiki/Wojew%C3%B3dztwo_wielkopolskie) | 587,29 | 71 507 | 121,76 | -1,23 |
| [powiat jarosławski](https://pl.wikipedia.org/wiki/Powiat_jaros%C5%82awski) | [Jarosław](https://pl.wikipedia.org/wiki/Jaros%C5%82aw_(wojew%C3%B3dztwo_podkarpackie)) | RJA, YJA | [podkarpackie](https://pl.wikipedia.org/wiki/Wojew%C3%B3dztwo_podkarpackie) | 1 028,66 | 120 097 | 116,75 | -3,03 |
| [powiat jasielski](https://pl.wikipedia.org/wiki/Powiat_jasielski) | [Jasło](https://pl.wikipedia.org/wiki/Jas%C5%82o) | RJS, YJS | [podkarpackie](https://pl.wikipedia.org/wiki/Wojew%C3%B3dztwo_podkarpackie) | 830,87 | 113 226 | 136,27 | -4,43 |
| [Jastrzębie-Zdrój](https://pl.wikipedia.org/wiki/Jastrz%C4%99bie-Zdr%C3%B3j) | miasto na prawach powiatu | SJZ, IJZ | [śląskie](https://pl.wikipedia.org/wiki/Wojew%C3%B3dztwo_%C5%9Bl%C4%85skie) | 85,33 | 88 425 | 1 036,27 | -4,31 |
| [powiat jaworski](https://pl.wikipedia.org/wiki/Powiat_jaworski) | [Jawor](https://pl.wikipedia.org/wiki/Jawor_(miasto)) | DJA, VJA | [dolnośląskie](https://pl.wikipedia.org/wiki/Wojew%C3%B3dztwo_dolno%C5%9Bl%C4%85skie) | 581,55 | 49 937 | 85,87 | -7,51 |
| [Jaworzno](https://pl.wikipedia.org/wiki/Jaworzno) | miasto na prawach powiatu | SJ, IJ | [śląskie](https://pl.wikipedia.org/wiki/Wojew%C3%B3dztwo_%C5%9Bl%C4%85skie) | 152,59 | 90 759 | 594,79 | -5,52 |
| [Jelenia Góra](https://pl.wikipedia.org/wiki/Jelenia_G%C3%B3ra) | miasto na prawach powiatu | DJ, VJ | [dolnośląskie](https://pl.wikipedia.org/wiki/Wojew%C3%B3dztwo_dolno%C5%9Bl%C4%85skie) | 109,22 | 78 778 | 721,28 | -5,33 |
| [powiat jędrzejowski](https://pl.wikipedia.org/wiki/Powiat_j%C4%99drzejowski) | [Jędrzejów](https://pl.wikipedia.org/wiki/J%C4%99drzej%C3%B3w) | TJE | [świętokrzyskie](https://pl.wikipedia.org/wiki/Wojew%C3%B3dztwo_%C5%9Bwi%C4%99tokrzyskie) | 1 256,96 | 85 179 | 67,77 | -6,74 |
| [powiat kaliski](https://pl.wikipedia.org/wiki/Powiat_kaliski) | Kalisz | PKA, MKA | [wielkopolskie](https://pl.wikipedia.org/wiki/Wojew%C3%B3dztwo_wielkopolskie) | 1 159,99 | 83 035 | 71,58 | 0,33 |
| [Kalisz](https://pl.wikipedia.org/wiki/Kalisz) | miasto na prawach powiatu | PK, PA, MK, MA | [wielkopolskie](https://pl.wikipedia.org/wiki/Wojew%C3%B3dztwo_wielkopolskie) | 69,42 | 99 761 | 1 437,06 | -7,18 |
| [powiat kamiennogórski](https://pl.wikipedia.org/wiki/Powiat_kamiennog%C3%B3rski) | [Kamienna Góra](https://pl.wikipedia.org/wiki/Kamienna_G%C3%B3ra) | DKA, VKA | [dolnośląskie](https://pl.wikipedia.org/wiki/Wojew%C3%B3dztwo_dolno%C5%9Bl%C4%85skie) | 395,69 | 43 055 | 108,81 | -8,61 |
| [powiat kamieński](https://pl.wikipedia.org/wiki/Powiat_kamie%C5%84ski) | [Kamień Pomorski](https://pl.wikipedia.org/wiki/Kamie%C5%84_Pomorski) | ZKA | [zachodniopomorskie](https://pl.wikipedia.org/wiki/Wojew%C3%B3dztwo_zachodniopomorskie) | 1 007,16 | 46 861 | 46,53 | -5,39 |
| [powiat karkonoski](https://pl.wikipedia.org/wiki/Powiat_karkonoski) | Jelenia Góra | DJE, VJE | [dolnośląskie](https://pl.wikipedia.org/wiki/Wojew%C3%B3dztwo_dolno%C5%9Bl%C4%85skie) | 627,14 | 63 388 | 101,07 | -3,94 |
| [powiat kartuski](https://pl.wikipedia.org/wiki/Powiat_kartuski) | [Kartuzy](https://pl.wikipedia.org/wiki/Kartuzy) | GKA, GKY, GKZ, XKA, XKY, XKZ | [pomorskie](https://pl.wikipedia.org/wiki/Wojew%C3%B3dztwo_pomorskie) | 1 120,54 | 140 770 | 125,63 | 20,5 |
| [Katowice](https://pl.wikipedia.org/wiki/Katowice) | miasto na prawach powiatu | SK, IK | [śląskie](https://pl.wikipedia.org/wiki/Wojew%C3%B3dztwo_%C5%9Bl%C4%85skie) | 164,64 | 291 774 | 1 772,19 | -6,34 |
| [powiat kazimierski](https://pl.wikipedia.org/wiki/Powiat_kazimierski) | [Kazimierza Wielka](https://pl.wikipedia.org/wiki/Kazimierza_Wielka) | TKA | [świętokrzyskie](https://pl.wikipedia.org/wiki/Wojew%C3%B3dztwo_%C5%9Bwi%C4%99tokrzyskie) | 422,18 | 33 489 | 79,32 | -7,44 |
| [powiat kędzierzyńsko-kozielski](https://pl.wikipedia.org/wiki/Powiat_k%C4%99dzierzy%C5%84sko-kozielski) | [Kędzierzyn-Koźle](https://pl.wikipedia.org/wiki/K%C4%99dzierzyn-Ko%C5%BAle) | OK | [opolskie](https://pl.wikipedia.org/wiki/Wojew%C3%B3dztwo_opolskie) | 625,13 | 93 544 | 149,64 | -6,28 |
| [powiat kępiński](https://pl.wikipedia.org/wiki/Powiat_k%C4%99pi%C5%84ski) | [Kępno](https://pl.wikipedia.org/wiki/K%C4%99pno) | PKE, MKE | [wielkopolskie](https://pl.wikipedia.org/wiki/Wojew%C3%B3dztwo_wielkopolskie) | 608,26 | 56 428 | 92,77 | -1,17 |
| [powiat kętrzyński](https://pl.wikipedia.org/wiki/Powiat_k%C4%99trzy%C5%84ski) | [Kętrzyn](https://pl.wikipedia.org/wiki/K%C4%99trzyn) | NKE | [warmińsko-mazurskie](https://pl.wikipedia.org/wiki/Wojew%C3%B3dztwo_warmi%C5%84sko-mazurskie) | 1 212,99 | 62 054 | 51,16 | -7,71 |
| [Kielce](https://pl.wikipedia.org/wiki/Kielce) | miasto na prawach powiatu | TK | [świętokrzyskie](https://pl.wikipedia.org/wiki/Wojew%C3%B3dztwo_%C5%9Bwi%C4%99tokrzyskie) | 109,65 | 194 218 | 1 771,25 | -5,37 |
| [powiat kielecki](https://pl.wikipedia.org/wiki/Powiat_kielecki) | Kielce | TKI, TKC, TKM, TKP | [świętokrzyskie](https://pl.wikipedia.org/wiki/Wojew%C3%B3dztwo_%C5%9Bwi%C4%99tokrzyskie) | 2 246,07 | 211 259 | 94,06 | 1,51 |
| [powiat kluczborski](https://pl.wikipedia.org/wiki/Powiat_kluczborski) | [Kluczbork](https://pl.wikipedia.org/wiki/Kluczbork) | OKL | [opolskie](https://pl.wikipedia.org/wiki/Wojew%C3%B3dztwo_opolskie) | 851,91 | 65 266 | 76,61 | -5,76 |
| [powiat kłobucki](https://pl.wikipedia.org/wiki/Powiat_k%C5%82obucki) | [Kłobuck](https://pl.wikipedia.org/wiki/K%C5%82obuck) | SKL, IKL | [śląskie](https://pl.wikipedia.org/wiki/Wojew%C3%B3dztwo_%C5%9Bl%C4%85skie) | 888,59 | 84 501 | 95,10 | -3,08 |
| [powiat kłodzki](https://pl.wikipedia.org/wiki/Powiat_k%C5%82odzki) | [Kłodzko](https://pl.wikipedia.org/wiki/K%C5%82odzko) | DKL, VKL | [dolnośląskie](https://pl.wikipedia.org/wiki/Wojew%C3%B3dztwo_dolno%C5%9Bl%C4%85skie) | 1 643,30 | 157 191 | 95,66 | -8,88 |
| [powiat kolbuszowski](https://pl.wikipedia.org/wiki/Powiat_kolbuszowski) | [Kolbuszowa](https://pl.wikipedia.org/wiki/Kolbuszowa) | RKL, YKL | [podkarpackie](https://pl.wikipedia.org/wiki/Wojew%C3%B3dztwo_podkarpackie) | 773,17 | 62 196 | 80,44 | -3,09 |
| [powiat kolneński](https://pl.wikipedia.org/wiki/Powiat_kolne%C5%84ski) | [Kolno](https://pl.wikipedia.org/wiki/Kolno) | BKL | [podlaskie](https://pl.wikipedia.org/wiki/Wojew%C3%B3dztwo_podlaskie) | 940,10 | 37 983 | 40,40 | -6,95 |
| [powiat kolski](https://pl.wikipedia.org/wiki/Powiat_kolski) | [Koło](https://pl.wikipedia.org/wiki/Ko%C5%82o_(miasto)) | PKL, MKL | [wielkopolskie](https://pl.wikipedia.org/wiki/Wojew%C3%B3dztwo_wielkopolskie) | 1 010,71 | 86 473 | 85,56 | -5,20 |
| [powiat kołobrzeski](https://pl.wikipedia.org/wiki/Powiat_ko%C5%82obrzeski) | [Kołobrzeg](https://pl.wikipedia.org/wiki/Ko%C5%82obrzeg) | ZKL | [zachodniopomorskie](https://pl.wikipedia.org/wiki/Wojew%C3%B3dztwo_zachodniopomorskie) | 724,66 | 79 399 | 109,57 | -0,89 |
| [powiat konecki](https://pl.wikipedia.org/wiki/Powiat_konecki) | [Końskie](https://pl.wikipedia.org/wiki/Ko%C5%84skie) | TKN | [świętokrzyskie](https://pl.wikipedia.org/wiki/Wojew%C3%B3dztwo_%C5%9Bwi%C4%99tokrzyskie) | 1 139,72 | 79 525 | 69,78 | -7,85 |
| [Konin](https://pl.wikipedia.org/wiki/Konin) | miasto na prawach powiatu | PKO, PN, MKO, MN | [wielkopolskie](https://pl.wikipedia.org/wiki/Wojew%C3%B3dztwo_wielkopolskie) | 82,31 | 73 176 | 889,03 | -7,68 |
| [powiat koniński](https://pl.wikipedia.org/wiki/Powiat_koni%C5%84ski) | Konin | PKN, MKN | [wielkopolskie](https://pl.wikipedia.org/wiki/Wojew%C3%B3dztwo_wielkopolskie) | 1 578,24 | 130 005 | 82,37 | -0,16 |
| [Koszalin](https://pl.wikipedia.org/wiki/Koszalin) | miasto na prawach powiatu | ZK | [zachodniopomorskie](https://pl.wikipedia.org/wiki/Wojew%C3%B3dztwo_zachodniopomorskie) | 98,34 | 106 880 | 1 086,84 | -3,22 |
| [powiat koszaliński](https://pl.wikipedia.org/wiki/Powiat_koszali%C5%84ski) | Koszalin | ZKO | [zachodniopomorskie](https://pl.wikipedia.org/wiki/Wojew%C3%B3dztwo_zachodniopomorskie) | 1 653,46 | 66 465 | 40,20 | 1,39 |
| [powiat kościański](https://pl.wikipedia.org/wiki/Powiat_ko%C5%9Bcia%C5%84ski) | [Kościan](https://pl.wikipedia.org/wiki/Ko%C5%9Bcian) | PKS, MKS | [wielkopolskie](https://pl.wikipedia.org/wiki/Wojew%C3%B3dztwo_wielkopolskie) | 722,42 | 79 114 | 109,51 | -0,72 |
| [powiat kościerski](https://pl.wikipedia.org/wiki/Powiat_ko%C5%9Bcierski) | [Kościerzyna](https://pl.wikipedia.org/wiki/Ko%C5%9Bcierzyna) | GKS, XKS | [pomorskie](https://pl.wikipedia.org/wiki/Wojew%C3%B3dztwo_pomorskie) | 1 165,67 | 72 808 | 62,46 | 3,02 |
| [powiat kozienicki](https://pl.wikipedia.org/wiki/Powiat_kozienicki) | [Kozienice](https://pl.wikipedia.org/wiki/Kozienice) | WKZ, AKZ | [mazowieckie](https://pl.wikipedia.org/wiki/Wojew%C3%B3dztwo_mazowieckie) | 916,10 | 59 793 | 65,27 | -7,63 |
| [powiat krakowski](https://pl.wikipedia.org/wiki/Powiat_krakowski) | Kraków | KRA, KRK, JRA, JRK | [małopolskie](https://pl.wikipedia.org/wiki/Wojew%C3%B3dztwo_ma%C5%82opolskie) | 1 230,52 | 280 403 | 227,87 | 7,85 |
| [Kraków](https://pl.wikipedia.org/wiki/Krak%C3%B3w) | miasto na prawach powiatu | KR, KK, JR, JK | [małopolskie](https://pl.wikipedia.org/wiki/Wojew%C3%B3dztwo_ma%C5%82opolskie) | 326,85 | 780 981 | 2 389,42 | 7,93 |
| [powiat krapkowicki](https://pl.wikipedia.org/wiki/Powiat_krapkowicki) | [Krapkowice](https://pl.wikipedia.org/wiki/Krapkowice) | OKR | [opolskie](https://pl.wikipedia.org/wiki/Wojew%C3%B3dztwo_opolskie) | 441,80 | 63 580 | 143,91 | -4,34 |
| [powiat krasnostawski](https://pl.wikipedia.org/wiki/Powiat_krasnostawski) | [Krasnystaw](https://pl.wikipedia.org/wiki/Krasnystaw) | LKS | [lubelskie](https://pl.wikipedia.org/wiki/Wojew%C3%B3dztwo_lubelskie) | 1 031,44 | 62 940 | 61,02 | -9,66 |
| [powiat kraśnicki](https://pl.wikipedia.org/wiki/Powiat_kra%C5%9Bnicki) | [Kraśnik](https://pl.wikipedia.org/wiki/Kra%C5%9Bnik) | LKR | [lubelskie](https://pl.wikipedia.org/wiki/Wojew%C3%B3dztwo_lubelskie) | 1 005,30 | 95 064 | 94,56 | -5,79 |
| [Krosno](https://pl.wikipedia.org/wiki/Krosno) | miasto na prawach powiatu | RK, YK | [podkarpackie](https://pl.wikipedia.org/wiki/Wojew%C3%B3dztwo_podkarpackie) | 43,50 | 46 139 | 1 060,67 | -4,96 |
| [powiat krośnieński](https://pl.wikipedia.org/wiki/Powiat_kro%C5%9Bnie%C5%84ski_(wojew%C3%B3dztwo_podkarpackie)) | Krosno | RKR, YKR | [podkarpackie](https://pl.wikipedia.org/wiki/Wojew%C3%B3dztwo_podkarpackie) | 993,11 | 112 195 | 112,97 | -0,94 |
| [powiat krośnieński](https://pl.wikipedia.org/wiki/Powiat_kro%C5%9Bnie%C5%84ski_(wojew%C3%B3dztwo_lubuskie)) | [Krosno Odrzańskie](https://pl.wikipedia.org/wiki/Krosno_Odrza%C5%84skie) | FKR | [lubuskie](https://pl.wikipedia.org/wiki/Wojew%C3%B3dztwo_lubuskie) | 1 391,25 | 54 706 | 39,32 | -5,67 |
| [powiat krotoszyński](https://pl.wikipedia.org/wiki/Powiat_krotoszy%C5%84ski) | [Krotoszyn](https://pl.wikipedia.org/wiki/Krotoszyn) | PKR, MKR | [wielkopolskie](https://pl.wikipedia.org/wiki/Wojew%C3%B3dztwo_wielkopolskie) | 713,68 | 77 182 | 108,15 | -1,58 |
| [powiat kutnowski](https://pl.wikipedia.org/wiki/Powiat_kutnowski) | [Kutno](https://pl.wikipedia.org/wiki/Kutno) | EKU | [łódzkie](https://pl.wikipedia.org/wiki/Wojew%C3%B3dztwo_%C5%82%C3%B3dzkie) | 886,86 | 96 126 | 108,39 | -8,08 |
| [powiat kwidzyński](https://pl.wikipedia.org/wiki/Powiat_kwidzy%C5%84ski) | [Kwidzyn](https://pl.wikipedia.org/wiki/Kwidzyn) | GKW, XKW | [pomorskie](https://pl.wikipedia.org/wiki/Wojew%C3%B3dztwo_pomorskie) | 834,70 | 83 028 | 99,47 | -2,44 |
| [powiat legionowski](https://pl.wikipedia.org/wiki/Powiat_legionowski) | [Legionowo](https://pl.wikipedia.org/wiki/Legionowo) | WL, AL | [mazowieckie](https://pl.wikipedia.org/wiki/Wojew%C3%B3dztwo_mazowieckie) | 390,76 | 119 306 | 305,32 | 13,21 |
| [Legnica](https://pl.wikipedia.org/wiki/Legnica) | miasto na prawach powiatu | DL, VL | [dolnośląskie](https://pl.wikipedia.org/wiki/Wojew%C3%B3dztwo_dolno%C5%9Bl%C4%85skie) | 56,29 | 99 072 | 1 760,03 | -4,16 |
| [powiat legnicki](https://pl.wikipedia.org/wiki/Powiat_legnicki) | Legnica | DLE, VLE | [dolnośląskie](https://pl.wikipedia.org/wiki/Wojew%C3%B3dztwo_dolno%C5%9Bl%C4%85skie) | 744,08 | 55 210 | 74,20 | -1,95 |
| [powiat leski](https://pl.wikipedia.org/wiki/Powiat_leski) | [Lesko](https://pl.wikipedia.org/wiki/Lesko) | RLS, YLS | [podkarpackie](https://pl.wikipedia.org/wiki/Wojew%C3%B3dztwo_podkarpackie) | 834,94 | 26 413 | 31,63 | -4,49 |
| [powiat leszczyński](https://pl.wikipedia.org/wiki/Powiat_leszczy%C5%84ski) | Leszno | PLE, MLE | [wielkopolskie](https://pl.wikipedia.org/wiki/Wojew%C3%B3dztwo_wielkopolskie) | 805,81 | 57 544 | 71,41 | 13,12 |
| [Leszno](https://pl.wikipedia.org/wiki/Leszno) | miasto na prawach powiatu | PL, ML | [wielkopolskie](https://pl.wikipedia.org/wiki/Wojew%C3%B3dztwo_wielkopolskie) | 31,86 | 63 323 | 1 987,54 | -7,07 |
| [powiat leżajski](https://pl.wikipedia.org/wiki/Powiat_le%C5%BCajski) | [Leżajsk](https://pl.wikipedia.org/wiki/Le%C5%BCajsk) | RLE, YLE | [podkarpackie](https://pl.wikipedia.org/wiki/Wojew%C3%B3dztwo_podkarpackie) | 583,71 | 69 233 | 118,61 | -3,54 |
| [powiat lęborski](https://pl.wikipedia.org/wiki/Powiat_l%C4%99borski) | [Lębork](https://pl.wikipedia.org/wiki/L%C4%99bork) | GLE, XLE | [pomorskie](https://pl.wikipedia.org/wiki/Wojew%C3%B3dztwo_pomorskie) | 707,77 | 66 069 | 93,35 | -1,92 |
| [powiat lidzbarski](https://pl.wikipedia.org/wiki/Powiat_lidzbarski) | [Lidzbark Warmiński](https://pl.wikipedia.org/wiki/Lidzbark_Warmi%C5%84ski) | NLI | [warmińsko-mazurskie](https://pl.wikipedia.org/wiki/Wojew%C3%B3dztwo_warmi%C5%84sko-mazurskie) | 925,00 | 41 039 | 44,37 | -6,58 |
| [powiat limanowski](https://pl.wikipedia.org/wiki/Powiat_limanowski) | [Limanowa](https://pl.wikipedia.org/wiki/Limanowa) | KLI, JLI | [małopolskie](https://pl.wikipedia.org/wiki/Wojew%C3%B3dztwo_ma%C5%82opolskie) | 951,23 | 131 997 | 138,76 | 2,03 |
| [powiat lipnowski](https://pl.wikipedia.org/wiki/Powiat_lipnowski) | [Lipno](https://pl.wikipedia.org/wiki/Lipno) | CLI | [kujawsko-pomorskie](https://pl.wikipedia.org/wiki/Wojew%C3%B3dztwo_kujawsko-pomorskie) | 1 015,74 | 65 574 | 64,56 | -4,48 |
| [powiat lipski](https://pl.wikipedia.org/wiki/Powiat_lipski) | [Lipsko](https://pl.wikipedia.org/wiki/Lipsko) | WLI, ALI | [mazowieckie](https://pl.wikipedia.org/wiki/Wojew%C3%B3dztwo_mazowieckie) | 740,22 | 33 738 | 45,58 | -8,52 |
| [powiat lubaczowski](https://pl.wikipedia.org/wiki/Powiat_lubaczowski) | [Lubaczów](https://pl.wikipedia.org/wiki/Lubacz%C3%B3w) | RLU, YLU | [podkarpackie](https://pl.wikipedia.org/wiki/Wojew%C3%B3dztwo_podkarpackie) | 1 308,37 | 54 979 | 42,02 | -8,28 |
| [powiat lubański](https://pl.wikipedia.org/wiki/Powiat_luba%C5%84ski) | [Lubań](https://pl.wikipedia.org/wiki/Luba%C5%84_(wojew%C3%B3dztwo_dolno%C5%9Bl%C4%85skie)) | DLB, VLB | [dolnośląskie](https://pl.wikipedia.org/wiki/Wojew%C3%B3dztwo_dolno%C5%9Bl%C4%85skie) | 428,30 | 54 070 | 126,24 | -7,76 |
| [powiat lubartowski](https://pl.wikipedia.org/wiki/Powiat_lubartowski) | [Lubartów](https://pl.wikipedia.org/wiki/Lubart%C3%B3w) | LLB | [lubelskie](https://pl.wikipedia.org/wiki/Wojew%C3%B3dztwo_lubelskie) | 1 288,74 | 88 152 | 68,40 | -4,96 |
| [powiat lubelski](https://pl.wikipedia.org/wiki/Powiat_lubelski) | Lublin | LUB, LVB | [lubelskie](https://pl.wikipedia.org/wiki/Wojew%C3%B3dztwo_lubelskie) | 1 679,53 | 156 002 | 92,88 | 8,03 |
| [powiat lubiński](https://pl.wikipedia.org/wiki/Powiat_lubi%C5%84ski) | [Lubin](https://pl.wikipedia.org/wiki/Lubin) | DLU, VLU | [dolnośląskie](https://pl.wikipedia.org/wiki/Wojew%C3%B3dztwo_dolno%C5%9Bl%C4%85skie) | 711,62 | 106 106 | 149,1 | -0,99 |
| [Lublin](https://pl.wikipedia.org/wiki/Lublin) | miasto na prawach powiatu | LU | [lubelskie](https://pl.wikipedia.org/wiki/Wojew%C3%B3dztwo_lubelskie) | 147,47 | 339 547 | 2 302,48 | -0,66 |
| [powiat lubliniecki](https://pl.wikipedia.org/wiki/Powiat_lubliniecki) | [Lubliniec](https://pl.wikipedia.org/wiki/Lubliniec) | SLU, ILU | [śląskie](https://pl.wikipedia.org/wiki/Wojew%C3%B3dztwo_%C5%9Bl%C4%85skie) | 822,25 | 76 326 | 92,83 | -1,88 |
| [powiat lwówecki](https://pl.wikipedia.org/wiki/Powiat_lw%C3%B3wecki) | [Lwówek Śląski](https://pl.wikipedia.org/wiki/Lw%C3%B3wek_%C5%9Al%C4%85ski) | DLW, VLW | [dolnośląskie](https://pl.wikipedia.org/wiki/Wojew%C3%B3dztwo_dolno%C5%9Bl%C4%85skie) | 709,69 | 45 770 | 64,49 | -4,46 |
| [powiat łańcucki](https://pl.wikipedia.org/wiki/Powiat_%C5%82a%C5%84cucki) | [Łańcut](https://pl.wikipedia.org/wiki/%C5%81a%C5%84cut) | RLA, YLA | [podkarpackie](https://pl.wikipedia.org/wiki/Wojew%C3%B3dztwo_podkarpackie) | 451,84 | 81 144 | 179,59 | 3,04 |
| [powiat łaski](https://pl.wikipedia.org/wiki/Powiat_%C5%82aski) | [Łask](https://pl.wikipedia.org/wiki/%C5%81ask) | ELA | [łódzkie](https://pl.wikipedia.org/wiki/Wojew%C3%B3dztwo_%C5%82%C3%B3dzkie) | 618,23 | 49 794 | 80,54 | -4,86 |
| [powiat łęczycki](https://pl.wikipedia.org/wiki/Powiat_%C5%82%C4%99czycki) | [Łęczyca](https://pl.wikipedia.org/wiki/%C5%81%C4%99czyca) | ELE | [łódzkie](https://pl.wikipedia.org/wiki/Wojew%C3%B3dztwo_%C5%82%C3%B3dzkie) | 772,75 | 49 562 | 64,14 | -7,63 |
| [powiat łęczyński](https://pl.wikipedia.org/wiki/Powiat_%C5%82%C4%99czy%C5%84ski) | [Łęczna](https://pl.wikipedia.org/wiki/%C5%81%C4%99czna) | LLE | [lubelskie](https://pl.wikipedia.org/wiki/Wojew%C3%B3dztwo_lubelskie) | 636,64 | 57 298 | 90,00 | -1,29 |
| [powiat łobeski](https://pl.wikipedia.org/wiki/Powiat_%C5%82obeski) | [Łobez](https://pl.wikipedia.org/wiki/%C5%81obez) | ZLO | [zachodniopomorskie](https://pl.wikipedia.org/wiki/Wojew%C3%B3dztwo_zachodniopomorskie) | 1 065,13 | 36 514 | 34,28 | -11,91 |
| [Łomża](https://pl.wikipedia.org/wiki/%C5%81om%C5%BCa) | miasto na prawach powiatu | BL | [podlaskie](https://pl.wikipedia.org/wiki/Wojew%C3%B3dztwo_podlaskie) | 32,67 | 62 795 | 1 922,10 | -2,7 |
| [powiat łomżyński](https://pl.wikipedia.org/wiki/Powiat_%C5%82om%C5%BCy%C5%84ski) | Łomża | BLM | [podlaskie](https://pl.wikipedia.org/wiki/Wojew%C3%B3dztwo_podlaskie) | 1 354,59 | 50 894 | 37,57 | -0,39 |
| [powiat łosicki](https://pl.wikipedia.org/wiki/Powiat_%C5%82osicki) | [Łosice](https://pl.wikipedia.org/wiki/%C5%81osice) | WLS, ALS | [mazowieckie](https://pl.wikipedia.org/wiki/Wojew%C3%B3dztwo_mazowieckie) | 772,45 | 30 658 | 39,69 | -7,67 |
| [powiat łowicki](https://pl.wikipedia.org/wiki/Powiat_%C5%82owicki) | [Łowicz](https://pl.wikipedia.org/wiki/%C5%81owicz) | ELC | [łódzkie](https://pl.wikipedia.org/wiki/Wojew%C3%B3dztwo_%C5%82%C3%B3dzkie) | 988,17 | 77 842 | 78,77 | -5,86 |
| [powiat łódzki wschodni](https://pl.wikipedia.org/wiki/Powiat_%C5%82%C3%B3dzki_wschodni) | Łódź | ELW | [łódzkie](https://pl.wikipedia.org/wiki/Wojew%C3%B3dztwo_%C5%82%C3%B3dzkie) | 499,76 | 72 408 | 144,89 | 6,97 |
| [Łódź](https://pl.wikipedia.org/wiki/%C5%81%C3%B3d%C5%BA) | miasto na prawach powiatu | EL, ED | [łódzkie](https://pl.wikipedia.org/wiki/Wojew%C3%B3dztwo_%C5%82%C3%B3dzkie) | 293,25 | 677 286 | 2 309,59 | -7,9 |
| [powiat łukowski](https://pl.wikipedia.org/wiki/Powiat_%C5%82ukowski) | [Łuków](https://pl.wikipedia.org/wiki/%C5%81uk%C3%B3w) | LLU | [lubelskie](https://pl.wikipedia.org/wiki/Wojew%C3%B3dztwo_lubelskie) | 1 394,21 | 106 591 | 76,45 | -5,16 |
| [powiat makowski](https://pl.wikipedia.org/wiki/Powiat_makowski) | [Maków Mazowiecki](https://pl.wikipedia.org/wiki/Mak%C3%B3w_Mazowiecki) | WMA, AMA | [mazowieckie](https://pl.wikipedia.org/wiki/Wojew%C3%B3dztwo_mazowieckie) | 1 064,63 | 44 667 | 41,96 | -9,07 |
| [powiat malborski](https://pl.wikipedia.org/wiki/Powiat_malborski) | [Malbork](https://pl.wikipedia.org/wiki/Malbork) | GMB, XMB | [pomorskie](https://pl.wikipedia.org/wiki/Wojew%C3%B3dztwo_pomorskie) | 494,23 | 63 401 | 128,28 | -2,74 |
| [powiat miechowski](https://pl.wikipedia.org/wiki/Powiat_miechowski) | [Miechów](https://pl.wikipedia.org/wiki/Miech%C3%B3w) | KMI, JMI | [małopolskie](https://pl.wikipedia.org/wiki/Wojew%C3%B3dztwo_ma%C5%82opolskie) | 676,29 | 48 689 | 71,99 | -5,29 |
| [powiat mielecki](https://pl.wikipedia.org/wiki/Powiat_mielecki) | [Mielec](https://pl.wikipedia.org/wiki/Mielec) | RMI, YMI | [podkarpackie](https://pl.wikipedia.org/wiki/Wojew%C3%B3dztwo_podkarpackie) | 880,50 | 136 672 | 155,22 | 0,59 |
| [powiat międzychodzki](https://pl.wikipedia.org/wiki/Powiat_mi%C4%99dzychodzki) | [Międzychód](https://pl.wikipedia.org/wiki/Mi%C4%99dzych%C3%B3d) | PMI, MMI | [wielkopolskie](https://pl.wikipedia.org/wiki/Wojew%C3%B3dztwo_wielkopolskie) | 736,44 | 36 686 | 49,82 | -5,34 |
| [powiat międzyrzecki](https://pl.wikipedia.org/wiki/Powiat_mi%C4%99dzyrzecki) | [Międzyrzecz](https://pl.wikipedia.org/wiki/Mi%C4%99dzyrzecz) | FMI | [lubuskie](https://pl.wikipedia.org/wiki/Wojew%C3%B3dztwo_lubuskie) | 1 387,61 | 57 374 | 41,35 | -8,25 |
| [powiat mikołowski](https://pl.wikipedia.org/wiki/Powiat_miko%C5%82owski) | [Mikołów](https://pl.wikipedia.org/wiki/Miko%C5%82%C3%B3w) | SMI, IMI | [śląskie](https://pl.wikipedia.org/wiki/Wojew%C3%B3dztwo_%C5%9Bl%C4%85skie) | 233,10 | 99 211 | 425,62 | 5,29 |
| [powiat milicki](https://pl.wikipedia.org/wiki/Powiat_milicki) | [Milicz](https://pl.wikipedia.org/wiki/Milicz) | DMI, VMI | [dolnośląskie](https://pl.wikipedia.org/wiki/Wojew%C3%B3dztwo_dolno%C5%9Bl%C4%85skie) | 714,93 | 36 913 | 51,63 | -2,43 |
| [powiat miński](https://pl.wikipedia.org/wiki/Powiat_mi%C5%84ski) | [Mińsk Mazowiecki](https://pl.wikipedia.org/wiki/Mi%C5%84sk_Mazowiecki) | WM, AM | [mazowieckie](https://pl.wikipedia.org/wiki/Wojew%C3%B3dztwo_mazowieckie) | 1 163,72 | 154 942 | 133,14 | 5,76 |
| [powiat mławski](https://pl.wikipedia.org/wiki/Powiat_m%C5%82awski) | [Mława](https://pl.wikipedia.org/wiki/M%C5%82awa) | WML, AML | [mazowieckie](https://pl.wikipedia.org/wiki/Wojew%C3%B3dztwo_mazowieckie) | 1 181,82 | 72 448 | 61,3 | -6,28 |
| [powiat mogileński](https://pl.wikipedia.org/wiki/Powiat_mogile%C5%84ski) | [Mogilno](https://pl.wikipedia.org/wiki/Mogilno) | CMG | [kujawsko-pomorskie](https://pl.wikipedia.org/wiki/Wojew%C3%B3dztwo_kujawsko-pomorskie) | 675,12 | 45 514 | 67,42 | -5,29 |
| [powiat moniecki](https://pl.wikipedia.org/wiki/Powiat_moniecki) | [Mońki](https://pl.wikipedia.org/wiki/Mo%C5%84ki) | BMN | [podlaskie](https://pl.wikipedia.org/wiki/Wojew%C3%B3dztwo_podlaskie) | 1 381,79 | 40 251 | 29,13 | -6,59 |
| [powiat mrągowski](https://pl.wikipedia.org/wiki/Powiat_mr%C4%85gowski) | [Mrągowo](https://pl.wikipedia.org/wiki/Mr%C4%85gowo) | NMR | [warmińsko-mazurskie](https://pl.wikipedia.org/wiki/Wojew%C3%B3dztwo_warmi%C5%84sko-mazurskie) | 1 065,38 | 49 660 | 46,61 | -6,2 |
| [Mysłowice](https://pl.wikipedia.org/wiki/Mys%C5%82owice) | miasto na prawach powiatu | SM, IM | [śląskie](https://pl.wikipedia.org/wiki/Wojew%C3%B3dztwo_%C5%9Bl%C4%85skie) | 65,62 | 74 601 | 1 136,86 | 1,15 |
| [powiat myszkowski](https://pl.wikipedia.org/wiki/Powiat_myszkowski) | [Myszków](https://pl.wikipedia.org/wiki/Myszk%C3%B3w) | SMY, IMY | [śląskie](https://pl.wikipedia.org/wiki/Wojew%C3%B3dztwo_%C5%9Bl%C4%85skie) | 479,25 | 70 709 | 147,54 | -3,52 |
| [powiat myślenicki](https://pl.wikipedia.org/wiki/Powiat_my%C5%9Blenicki) | [Myślenice](https://pl.wikipedia.org/wiki/My%C5%9Blenice) | KMY, JMY | [małopolskie](https://pl.wikipedia.org/wiki/Wojew%C3%B3dztwo_ma%C5%82opolskie) | 673,08 | 127 872 | 189,98 | 4,79 |
| [powiat myśliborski](https://pl.wikipedia.org/wiki/Powiat_my%C5%9Bliborski) | [Myślibórz](https://pl.wikipedia.org/wiki/My%C5%9Blib%C3%B3rz) | ZMY | [zachodniopomorskie](https://pl.wikipedia.org/wiki/Wojew%C3%B3dztwo_zachodniopomorskie) | 1 182,40 | 65 426 | 55,33 | -8,68 |
| [powiat nakielski](https://pl.wikipedia.org/wiki/Powiat_nakielski) | [Nakło nad Notecią](https://pl.wikipedia.org/wiki/Nak%C5%82o_nad_Noteci%C4%85) | CNA | [kujawsko-pomorskie](https://pl.wikipedia.org/wiki/Wojew%C3%B3dztwo_kujawsko-pomorskie) | 1 120,08 | 86 226 | 76,98 | -2,58 |
| [powiat namysłowski](https://pl.wikipedia.org/wiki/Powiat_namys%C5%82owski) | [Namysłów](https://pl.wikipedia.org/wiki/Namys%C5%82%C3%B3w) | ONA | [opolskie](https://pl.wikipedia.org/wiki/Wojew%C3%B3dztwo_opolskie) | 748,18 | 42 680 | 57,05 | -0,28 |
| [powiat nidzicki](https://pl.wikipedia.org/wiki/Powiat_nidzicki) | [Nidzica](https://pl.wikipedia.org/wiki/Nidzica) | NNI | [warmińsko-mazurskie](https://pl.wikipedia.org/wiki/Wojew%C3%B3dztwo_warmi%C5%84sko-mazurskie) | 960,64 | 32 753 | 34,09 | -5,68 |
| [powiat niżański](https://pl.wikipedia.org/wiki/Powiat_ni%C5%BCa%C5%84ski) | [Nisko](https://pl.wikipedia.org/wiki/Nisko) | RNI, YNI | [podkarpackie](https://pl.wikipedia.org/wiki/Wojew%C3%B3dztwo_podkarpackie) | 785,64 | 66 430 | 84,56 | -4,03 |
| [powiat nowodworski](https://pl.wikipedia.org/wiki/Powiat_nowodworski_(wojew%C3%B3dztwo_pomorskie)) | [Nowy Dwór Gdański](https://pl.wikipedia.org/wiki/Nowy_Dw%C3%B3r_Gda%C5%84ski) | GND, XND | [pomorskie](https://pl.wikipedia.org/wiki/Wojew%C3%B3dztwo_pomorskie) | 674,08 | 35 483 | 52,64 | -4,85 |
| [powiat nowodworski](https://pl.wikipedia.org/wiki/Powiat_nowodworski_(wojew%C3%B3dztwo_mazowieckie)) | [Nowy Dwór Mazowiecki](https://pl.wikipedia.org/wiki/Nowy_Dw%C3%B3r_Mazowiecki) | WND, AND | [mazowieckie](https://pl.wikipedia.org/wiki/Wojew%C3%B3dztwo_mazowieckie) | 694,79 | 79 427 | 114,32 | 2,16 |
| [powiat nowomiejski](https://pl.wikipedia.org/wiki/Powiat_nowomiejski) | [Nowe Miasto Lubawskie](https://pl.wikipedia.org/wiki/Nowe_Miasto_Lubawskie) | NNM | [warmińsko-mazurskie](https://pl.wikipedia.org/wiki/Wojew%C3%B3dztwo_warmi%C5%84sko-mazurskie) | 693,93 | 43 769 | 63,07 | -2,98 |
| [powiat nowosądecki](https://pl.wikipedia.org/wiki/Powiat_nowos%C4%85decki) | Nowy Sącz | KNS, JNS | [małopolskie](https://pl.wikipedia.org/wiki/Wojew%C3%B3dztwo_ma%C5%82opolskie) | 1549,80 | 216 994 | 140,01 | 2,61 |
| [powiat nowosolski](https://pl.wikipedia.org/wiki/Powiat_nowosolski) | [Nowa Sól](https://pl.wikipedia.org/wiki/Nowa_S%C3%B3l) | FNW | [lubuskie](https://pl.wikipedia.org/wiki/Wojew%C3%B3dztwo_lubuskie) | 770,73 | 86 014 | 111,60 | -4,28 |
| [powiat nowotarski](https://pl.wikipedia.org/wiki/Powiat_nowotarski) | [Nowy Targ](https://pl.wikipedia.org/wiki/Nowy_Targ) | KNT, JNT | [małopolskie](https://pl.wikipedia.org/wiki/Wojew%C3%B3dztwo_ma%C5%82opolskie) | 1 474,99 | 191 882 | 130,09 | 1,11 |
| [powiat nowotomyski](https://pl.wikipedia.org/wiki/Powiat_nowotomyski) | [Nowy Tomyśl](https://pl.wikipedia.org/wiki/Nowy_Tomy%C5%9Bl) | PNT, MNT | [wielkopolskie](https://pl.wikipedia.org/wiki/Wojew%C3%B3dztwo_wielkopolskie) | 1 013,62 | 75 675 | 74,66 | 2,89 |
| [Nowy Sącz](https://pl.wikipedia.org/wiki/Nowy_S%C4%85cz) | miasto na prawach powiatu | KN, JN | [małopolskie](https://pl.wikipedia.org/wiki/Wojew%C3%B3dztwo_ma%C5%82opolskie) | 57,58 | 83 762 | 1 454,71 | -0,61 |
| [powiat nyski](https://pl.wikipedia.org/wiki/Powiat_nyski) | [Nysa](https://pl.wikipedia.org/wiki/Nysa) | ONY | [opolskie](https://pl.wikipedia.org/wiki/Wojew%C3%B3dztwo_opolskie) | 1 223,88 | 135 524 | 110,73 | -6,37 |
| [powiat obornicki](https://pl.wikipedia.org/wiki/Powiat_obornicki) | [Oborniki](https://pl.wikipedia.org/wiki/Oborniki) | POB, MOB | [wielkopolskie](https://pl.wikipedia.org/wiki/Wojew%C3%B3dztwo_wielkopolskie) | 711,04 | 59 826 | 84,14 | 0,12 |
| [powiat olecki](https://pl.wikipedia.org/wiki/Powiat_olecki) | [Olecko](https://pl.wikipedia.org/wiki/Olecko) | NOE | [warmińsko-mazurskie](https://pl.wikipedia.org/wiki/Wojew%C3%B3dztwo_warmi%C5%84sko-mazurskie) | 873,60 | 34 050 | 38,98 | -6,74 |
| [powiat oleski](https://pl.wikipedia.org/wiki/Powiat_oleski) | [Olesno](https://pl.wikipedia.org/wiki/Olesno) | OOL | [opolskie](https://pl.wikipedia.org/wiki/Wojew%C3%B3dztwo_opolskie) | 973,38 | 64 167 | 65,92 | -3,79 |
| [powiat oleśnicki](https://pl.wikipedia.org/wiki/Powiat_ole%C5%9Bnicki) | [Oleśnica](https://pl.wikipedia.org/wiki/Ole%C5%9Bnica) | DOL, VOL | [dolnośląskie](https://pl.wikipedia.org/wiki/Wojew%C3%B3dztwo_dolno%C5%9Bl%C4%85skie) | 1 049,31 | 107 328 | 102,28 | 2,22 |
| [powiat olkuski](https://pl.wikipedia.org/wiki/Powiat_olkuski) | [Olkusz](https://pl.wikipedia.org/wiki/Olkusz) | KOL, JOL | [małopolskie](https://pl.wikipedia.org/wiki/Wojew%C3%B3dztwo_ma%C5%82opolskie) | 618,11 | 110 900 | 179,42 | -6,76 |
| [Olsztyn](https://pl.wikipedia.org/wiki/Olsztyn) | miasto na prawach powiatu | NO | [warmińsko-mazurskie](https://pl.wikipedia.org/wiki/Wojew%C3%B3dztwo_warmi%C5%84sko-mazurskie) | 88,33 | 171 853 | 1 945,58 | -1,98 |
| [powiat olsztyński](https://pl.wikipedia.org/wiki/Powiat_olszty%C5%84ski) | Olsztyn | NOL | [warmińsko-mazurskie](https://pl.wikipedia.org/wiki/Wojew%C3%B3dztwo_warmi%C5%84sko-mazurskie) | 2 838,02 | 127 205 | 44,82 | 6,89 |
| [powiat oławski](https://pl.wikipedia.org/wiki/Powiat_o%C5%82awski) | [Oława](https://pl.wikipedia.org/wiki/O%C5%82awa) | DOA, VOA | [dolnośląskie](https://pl.wikipedia.org/wiki/Wojew%C3%B3dztwo_dolno%C5%9Bl%C4%85skie) | 524,10 | 76 831 | 146,60 | 1,41 |
| [powiat opatowski](https://pl.wikipedia.org/wiki/Powiat_opatowski) | [Opatów](https://pl.wikipedia.org/wiki/Opat%C3%B3w) | TOP | [świętokrzyskie](https://pl.wikipedia.org/wiki/Wojew%C3%B3dztwo_%C5%9Bwi%C4%99tokrzyskie) | 910,90 | 51 834 | 56,90 | -9,59 |
| [powiat opoczyński](https://pl.wikipedia.org/wiki/Powiat_opoczy%C5%84ski) | [Opoczno](https://pl.wikipedia.org/wiki/Opoczno) | EOP | [łódzkie](https://pl.wikipedia.org/wiki/Wojew%C3%B3dztwo_%C5%82%C3%B3dzkie) | 1 040,19 | 75 847 | 72,92 | -6,25 |
| [Opole](https://pl.wikipedia.org/wiki/Opole) | miasto na prawach powiatu | OP | [opolskie](https://pl.wikipedia.org/wiki/Wojew%C3%B3dztwo_opolskie) | 148,88 | 128 012 | 859,83 | -1,53 |
| [powiat opolski](https://pl.wikipedia.org/wiki/Powiat_opolski_(wojew%C3%B3dztwo_lubelskie)) | [Opole Lubelskie](https://pl.wikipedia.org/wiki/Opole_Lubelskie) | LOP | [lubelskie](https://pl.wikipedia.org/wiki/Wojew%C3%B3dztwo_lubelskie) | 810,02 | 58 952 | 72,78 | -9,39 |
| [powiat opolski](https://pl.wikipedia.org/wiki/Powiat_opolski_(wojew%C3%B3dztwo_opolskie)) | Opole | OPO | [opolskie](https://pl.wikipedia.org/wiki/Wojew%C3%B3dztwo_opolskie) | 1 534,30 | 123 813 | 80,70 | 2,64 |
| [powiat ostrołęcki](https://pl.wikipedia.org/wiki/Powiat_ostro%C5%82%C4%99cki) | Ostrołęka | WOS, AOS | [mazowieckie](https://pl.wikipedia.org/wiki/Wojew%C3%B3dztwo_mazowieckie) | 2 093,55 | 88 624 | 42,33 | -1,05 |
| [Ostrołęka](https://pl.wikipedia.org/wiki/Ostro%C5%82%C4%99ka) | miasto na prawach powiatu | WO, AO | [mazowieckie](https://pl.wikipedia.org/wiki/Wojew%C3%B3dztwo_mazowieckie) | 33,46 | 51 893 | 1 550,9 | -3,42 |
| [powiat ostrowiecki](https://pl.wikipedia.org/wiki/Powiat_ostrowiecki) | [Ostrowiec Świętokrzyski](https://pl.wikipedia.org/wiki/Ostrowiec_%C5%9Awi%C4%99tokrzyski) | TOS | [świętokrzyskie](https://pl.wikipedia.org/wiki/Wojew%C3%B3dztwo_%C5%9Bwi%C4%99tokrzyskie) | 616,78 | 108 436 | 175,81 | -9,83 |
| [powiat ostrowski](https://pl.wikipedia.org/wiki/Powiat_ostrowski_(wojew%C3%B3dztwo_wielkopolskie)) | [Ostrów Wielkopolski](https://pl.wikipedia.org/wiki/Ostr%C3%B3w_Wielkopolski) | POS, MOS | [wielkopolskie](https://pl.wikipedia.org/wiki/Wojew%C3%B3dztwo_wielkopolskie) | 1 160,12 | 161 581 | 139,28 | 0,34 |
| [powiat ostrowski](https://pl.wikipedia.org/wiki/Powiat_ostrowski_(wojew%C3%B3dztwo_mazowieckie)) | [Ostrów Mazowiecka](https://pl.wikipedia.org/wiki/Ostr%C3%B3w_Mazowiecka) | WOR, AOR | [mazowieckie](https://pl.wikipedia.org/wiki/Wojew%C3%B3dztwo_mazowieckie) | 1 217,79 | 72 091 | 59,20 | -6,44 |
| [powiat ostródzki](https://pl.wikipedia.org/wiki/Powiat_ostr%C3%B3dzki) | [Ostróda](https://pl.wikipedia.org/wiki/Ostr%C3%B3da) | NOS, NOT, NOX | [warmińsko-mazurskie](https://pl.wikipedia.org/wiki/Wojew%C3%B3dztwo_warmi%C5%84sko-mazurskie) | 1 766,29 | 103 895 | 58,82 | -6,04 |
| [powiat ostrzeszowski](https://pl.wikipedia.org/wiki/Powiat_ostrzeszowski) | [Ostrzeszów](https://pl.wikipedia.org/wiki/Ostrzesz%C3%B3w) | POT, MOT | [wielkopolskie](https://pl.wikipedia.org/wiki/Wojew%C3%B3dztwo_wielkopolskie) | 772,63 | 55 436 | 71,75 | 0,58 |
| [powiat oświęcimski](https://pl.wikipedia.org/wiki/Powiat_o%C5%9Bwi%C4%99cimski) | [Oświęcim](https://pl.wikipedia.org/wiki/O%C5%9Bwi%C4%99cim) | KOS, JOS | [małopolskie](https://pl.wikipedia.org/wiki/Wojew%C3%B3dztwo_ma%C5%82opolskie) | 405,58 | 153 125 | 377,55 | -3,30 |
| [powiat otwocki](https://pl.wikipedia.org/wiki/Powiat_otwocki) | [Otwock](https://pl.wikipedia.org/wiki/Otwock) | WOT, AOT | [mazowieckie](https://pl.wikipedia.org/wiki/Wojew%C3%B3dztwo_mazowieckie) | 615,92 | 124 460 | 202,07 | 1,76 |
| [powiat pabianicki](https://pl.wikipedia.org/wiki/Powiat_pabianicki) | [Pabianice](https://pl.wikipedia.org/wiki/Pabianice) | EPA | [łódzkie](https://pl.wikipedia.org/wiki/Wojew%C3%B3dztwo_%C5%82%C3%B3dzkie) | 492,18 | 119 225 | 242,24 | -0,29 |
| [powiat pajęczański](https://pl.wikipedia.org/wiki/Powiat_paj%C4%99cza%C5%84ski) | [Pajęczno](https://pl.wikipedia.org/wiki/Paj%C4%99czno) | EPJ | [łódzkie](https://pl.wikipedia.org/wiki/Wojew%C3%B3dztwo_%C5%82%C3%B3dzkie) | 803,82 | 51 071 | 63,54 | -5,57 |
| [powiat parczewski](https://pl.wikipedia.org/wiki/Powiat_parczewski) | [Parczew](https://pl.wikipedia.org/wiki/Parczew) | LPA | [lubelskie](https://pl.wikipedia.org/wiki/Wojew%C3%B3dztwo_lubelskie) | 952,20 | 34 590 | 36,33 | -6,29 |
| [powiat piaseczyński](https://pl.wikipedia.org/wiki/Powiat_piaseczy%C5%84ski) | [Piaseczno](https://pl.wikipedia.org/wiki/Piaseczno) | WPI, WPA, WPW, WPX | [mazowieckie](https://pl.wikipedia.org/wiki/Wojew%C3%B3dztwo_mazowieckie) | 621,00 | 189 516 | 305,18 | 16,39 |
| [Piekary Śląskie](https://pl.wikipedia.org/wiki/Piekary_%C5%9Al%C4%85skie) | miasto na prawach powiatu | SPI, IPI | [śląskie](https://pl.wikipedia.org/wiki/Wojew%C3%B3dztwo_%C5%9Bl%C4%85skie) | 39,98 | 54 860 | 1 372,19 | -4,14 |
| [powiat pilski](https://pl.wikipedia.org/wiki/Powiat_pilski) | [Piła](https://pl.wikipedia.org/wiki/Pi%C5%82a_(miasto)) | PP, MP | [wielkopolskie](https://pl.wikipedia.org/wiki/Wojew%C3%B3dztwo_wielkopolskie) | 1 268,21 | 135 928 | 107,18 | -2,44 |
| [powiat pińczowski](https://pl.wikipedia.org/wiki/Powiat_pi%C5%84czowski) | [Pińczów](https://pl.wikipedia.org/wiki/Pi%C5%84cz%C3%B3w) | TPI | [świętokrzyskie](https://pl.wikipedia.org/wiki/Wojew%C3%B3dztwo_%C5%9Bwi%C4%99tokrzyskie) | 612,85 | 38 691 | 63,13 | -10,46 |
| [powiat piotrkowski](https://pl.wikipedia.org/wiki/Powiat_piotrkowski) | Piotrków Trybunalski | EPI | [łódzkie](https://pl.wikipedia.org/wiki/Wojew%C3%B3dztwo_%C5%82%C3%B3dzkie) | 1 428,74 | 91 360 | 63,94 | 0,90 |
| [Piotrków Trybunalski](https://pl.wikipedia.org/wiki/Piotrk%C3%B3w_Trybunalski) | miasto na prawach powiatu | EP | [łódzkie](https://pl.wikipedia.org/wiki/Wojew%C3%B3dztwo_%C5%82%C3%B3dzkie) | 67,24 | 72 785 | 1 082,47 | -7,97 |
| [powiat piski](https://pl.wikipedia.org/wiki/Powiat_piski) | [Pisz](https://pl.wikipedia.org/wiki/Pisz) | NPI | [warmińsko-mazurskie](https://pl.wikipedia.org/wiki/Wojew%C3%B3dztwo_warmi%C5%84sko-mazurskie) | 1 774,58 | 55 952 | 31,53 | -6,68 |
| [powiat pleszewski](https://pl.wikipedia.org/wiki/Powiat_pleszewski) | [Pleszew](https://pl.wikipedia.org/wiki/Pleszew) | PPL | [wielkopolskie](https://pl.wikipedia.org/wiki/Wojew%C3%B3dztwo_wielkopolskie) | 713,07 | 62 962 | 88,30 | -2,52 |
| [Płock](https://pl.wikipedia.org/wiki/P%C5%82ock) | miasto na prawach powiatu | WP, AP | [mazowieckie](https://pl.wikipedia.org/wiki/Wojew%C3%B3dztwo_mazowieckie) | 88,04 | 118 989 | 1 351,53 | -6,01 |
| [powiat płocki](https://pl.wikipedia.org/wiki/Powiat_p%C5%82ocki) | Płock | WPL, APL | [mazowieckie](https://pl.wikipedia.org/wiki/Wojew%C3%B3dztwo_mazowieckie) | 1 796,63 | 110 927 | 61,74 | -0,54 |
| [powiat płoński](https://pl.wikipedia.org/wiki/Powiat_p%C5%82o%C5%84ski) | [Płońsk](https://pl.wikipedia.org/wiki/P%C5%82o%C5%84sk) | WPN, APN | [mazowieckie](https://pl.wikipedia.org/wiki/Wojew%C3%B3dztwo_mazowieckie) | 1 379,79 | 86 868 | 62,96 | -3,61 |
| [powiat poddębicki](https://pl.wikipedia.org/wiki/Powiat_podd%C4%99bicki) | [Poddębice](https://pl.wikipedia.org/wiki/Podd%C4%99bice) | EPD | [łódzkie](https://pl.wikipedia.org/wiki/Wojew%C3%B3dztwo_%C5%82%C3%B3dzkie) | 881,21 | 41 037 | 46,57 | -3,52 |
| [powiat policki](https://pl.wikipedia.org/wiki/Powiat_policki) | [Police](https://pl.wikipedia.org/wiki/Police) | ZPL | [zachodniopomorskie](https://pl.wikipedia.org/wiki/Wojew%C3%B3dztwo_zachodniopomorskie) | 665,33 | 81 229 | 122,09 | 15,78 |
| [powiat polkowicki](https://pl.wikipedia.org/wiki/Powiat_polkowicki) | [Polkowice](https://pl.wikipedia.org/wiki/Polkowice) | DPL, VPL | [dolnośląskie](https://pl.wikipedia.org/wiki/Wojew%C3%B3dztwo_dolno%C5%9Bl%C4%85skie) | 779,46 | 63 082 | 80,93 | 2,13 |
| [Poznań](https://pl.wikipedia.org/wiki/Pozna%C5%84) | miasto na prawach powiatu | PO, PY, MO, MY, PX, MX | [wielkopolskie](https://pl.wikipedia.org/wiki/Wojew%C3%B3dztwo_wielkopolskie) | 261,91 | 533 830 | 2 038,22 | -3,68 |
| [powiat poznański](https://pl.wikipedia.org/wiki/Powiat_pozna%C5%84ski) | Poznań | PZ, POZ, MZ, MOZ | [wielkopolskie](https://pl.wikipedia.org/wiki/Wojew%C3%B3dztwo_wielkopolskie) | 1 899,88 | 403 417 | 212,34 | 22,50 |
| [powiat proszowicki](https://pl.wikipedia.org/wiki/Powiat_proszowicki) | [Proszowice](https://pl.wikipedia.org/wiki/Proszowice) | KPR, JPR | [małopolskie](https://pl.wikipedia.org/wiki/Wojew%C3%B3dztwo_ma%C5%82opolskie) | 414,87 | 43 160 | 104,03 | -4,77 |
| [powiat prudnicki](https://pl.wikipedia.org/wiki/Powiat_prudnicki) | [Prudnik](https://pl.wikipedia.org/wiki/Prudnik) | OPR | [opolskie](https://pl.wikipedia.org/wiki/Wojew%C3%B3dztwo_opolskie) | 571,55 | 55 091 | 96,39 | -4,23 |
| [powiat pruszkowski](https://pl.wikipedia.org/wiki/Powiat_pruszkowski) | [Pruszków](https://pl.wikipedia.org/wiki/Pruszk%C3%B3w) | WPR, WPP, WPS, APR, APP, APS | [mazowieckie](https://pl.wikipedia.org/wiki/Wojew%C3%B3dztwo_mazowieckie) | 246,30 | 166 436 | 675,75 | 8,46 |
| [powiat przasnyski](https://pl.wikipedia.org/wiki/Powiat_przasnyski) | [Przasnysz](https://pl.wikipedia.org/wiki/Przasnysz) | WPZ, APZ | [mazowieckie](https://pl.wikipedia.org/wiki/Wojew%C3%B3dztwo_mazowieckie) | 1 218,62 | 52 355 | 42,96 | -6,09 |
| [powiat przemyski](https://pl.wikipedia.org/wiki/Powiat_przemyski) | Przemyśl | RPR, YPR | [podkarpackie](https://pl.wikipedia.org/wiki/Wojew%C3%B3dztwo_podkarpackie) | 1 211,22 | 73 968 | 61,07 | -3,58 |
| [Przemyśl](https://pl.wikipedia.org/wiki/Przemy%C5%9Bl) | miasto na prawach powiatu | RP, YP | [podkarpackie](https://pl.wikipedia.org/wiki/Wojew%C3%B3dztwo_podkarpackie) | 46,17 | 60 442 | 1 309,12 | -9,13 |
| [powiat przeworski](https://pl.wikipedia.org/wiki/Powiat_przeworski) | [Przeworsk](https://pl.wikipedia.org/wiki/Przeworsk) | RPZ, YPZ | [podkarpackie](https://pl.wikipedia.org/wiki/Wojew%C3%B3dztwo_podkarpackie) | 698,02 | 78 227 | 112,07 | -1,62 |
| [powiat przysuski](https://pl.wikipedia.org/wiki/Powiat_przysuski) | [Przysucha](https://pl.wikipedia.org/wiki/Przysucha) | WPY, APY | [mazowieckie](https://pl.wikipedia.org/wiki/Wojew%C3%B3dztwo_mazowieckie) | 801,19 | 41 360 | 51,62 | -8,65 |
| [powiat pszczyński](https://pl.wikipedia.org/wiki/Powiat_pszczy%C5%84ski) | [Pszczyna](https://pl.wikipedia.org/wiki/Pszczyna) | SPS, IPS | [śląskie](https://pl.wikipedia.org/wiki/Wojew%C3%B3dztwo_%C5%9Bl%C4%85skie) | 471,16 | 111 682 | 237,04 | 3,22 |
| [powiat pucki](https://pl.wikipedia.org/wiki/Powiat_pucki) | [Puck](https://pl.wikipedia.org/wiki/Puck) | GPU, XPU | [pomorskie](https://pl.wikipedia.org/wiki/Wojew%C3%B3dztwo_pomorskie) | 581,18 | 87 183 | 150,01 | 11,37 |
| [powiat puławski](https://pl.wikipedia.org/wiki/Powiat_pu%C5%82awski) | [Puławy](https://pl.wikipedia.org/wiki/Pu%C5%82awy) | LPU | [lubelskie](https://pl.wikipedia.org/wiki/Wojew%C3%B3dztwo_lubelskie) | 934,09 | 112 835 | 120,80 | -5,34 |
| [powiat pułtuski](https://pl.wikipedia.org/wiki/Powiat_pu%C5%82tuski) | [Pułtusk](https://pl.wikipedia.org/wiki/Pu%C5%82tusk) | WPU, APU | [mazowieckie](https://pl.wikipedia.org/wiki/Wojew%C3%B3dztwo_mazowieckie) | 827,42 | 51 817 | 62,62 | -0,87 |
| [powiat pyrzycki](https://pl.wikipedia.org/wiki/Powiat_pyrzycki) | [Pyrzyce](https://pl.wikipedia.org/wiki/Pyrzyce) | ZPY | [zachodniopomorskie](https://pl.wikipedia.org/wiki/Wojew%C3%B3dztwo_zachodniopomorskie) | 726,00 | 39 251 | 54,06 | -5,85 |
| [powiat raciborski](https://pl.wikipedia.org/wiki/Powiat_raciborski) | [Racibórz](https://pl.wikipedia.org/wiki/Racib%C3%B3rz) | SRC, IRC | [śląskie](https://pl.wikipedia.org/wiki/Wojew%C3%B3dztwo_%C5%9Bl%C4%85skie) | 543,76 | 107 926 | 198,48 | -4,26 |
| [Radom](https://pl.wikipedia.org/wiki/Radom) | miasto na prawach powiatu | WR, AR | [mazowieckie](https://pl.wikipedia.org/wiki/Wojew%C3%B3dztwo_mazowieckie) | 111,80 | 210 532 | 1 883,11 | -8,00 |
| [powiat radomski](https://pl.wikipedia.org/wiki/Powiat_radomski) | Radom | WRA, ARA | [mazowieckie](https://pl.wikipedia.org/wiki/Wojew%C3%B3dztwo_mazowieckie) | 1 529,78 | 152 237 | 99,52 | 0,31 |
| [powiat radomszczański](https://pl.wikipedia.org/wiki/Powiat_radomszcza%C5%84ski) | [Radomsko](https://pl.wikipedia.org/wiki/Radomsko) | ERA | [łódzkie](https://pl.wikipedia.org/wiki/Wojew%C3%B3dztwo_%C5%82%C3%B3dzkie) | 1 442,57 | 112 255 | 77,82 | -6,29 |
| [powiat radziejowski](https://pl.wikipedia.org/wiki/Powiat_radziejowski) | [Radziejów](https://pl.wikipedia.org/wiki/Radziej%C3%B3w) | CRA | [kujawsko-pomorskie](https://pl.wikipedia.org/wiki/Wojew%C3%B3dztwo_kujawsko-pomorskie) | 607,20 | 40 211 | 66,22 | -8,26 |
| [powiat radzyński](https://pl.wikipedia.org/wiki/Powiat_radzy%C5%84ski) | [Radzyń Podlaski](https://pl.wikipedia.org/wiki/Radzy%C5%84_Podlaski) | LRA | [lubelskie](https://pl.wikipedia.org/wiki/Wojew%C3%B3dztwo_lubelskie) | 965,06 | 58 604 | 60,73 | -7,67 |
| [powiat rawicki](https://pl.wikipedia.org/wiki/Powiat_rawicki) | [Rawicz](https://pl.wikipedia.org/wiki/Rawicz) | PRA, MRA | [wielkopolskie](https://pl.wikipedia.org/wiki/Wojew%C3%B3dztwo_wielkopolskie) | 553,52 | 60 233 | 108,82 | -1,84 |
| [powiat rawski](https://pl.wikipedia.org/wiki/Powiat_rawski) | [Rawa Mazowiecka](https://pl.wikipedia.org/wiki/Rawa_Mazowiecka) | ERW | [łódzkie](https://pl.wikipedia.org/wiki/Wojew%C3%B3dztwo_%C5%82%C3%B3dzkie) | 646,20 | 48 504 | 75,06 | -2,88 |
| [powiat ropczycko-sędziszowski](https://pl.wikipedia.org/wiki/Powiat_ropczycko-s%C4%99dziszowski) | [Ropczyce](https://pl.wikipedia.org/wiki/Ropczyce) | RRS, YRS | [podkarpackie](https://pl.wikipedia.org/wiki/Wojew%C3%B3dztwo_podkarpackie) | 548,31 | 74 582 | 136,02 | 2,23 |
| [Ruda Śląska](https://pl.wikipedia.org/wiki/Ruda_%C5%9Al%C4%85ska) | miasto na prawach powiatu | SRS, SL, IRS, IL | [śląskie](https://pl.wikipedia.org/wiki/Wojew%C3%B3dztwo_%C5%9Bl%C4%85skie) | 77,73 | 137 030 | 1 762,90 | -4,32 |
| [powiat rybnicki](https://pl.wikipedia.org/wiki/Powiat_rybnicki) | Rybnik | SRB, IRB | [śląskie](https://pl.wikipedia.org/wiki/Wojew%C3%B3dztwo_%C5%9Bl%C4%85skie) | 223,64 | 78 216 | 349,74 | 0,87 |
| [Rybnik](https://pl.wikipedia.org/wiki/Rybnik) | miasto na prawach powiatu | SR, IR | [śląskie](https://pl.wikipedia.org/wiki/Wojew%C3%B3dztwo_%C5%9Bl%C4%85skie) | 148,36 | 137 782 | 928,70 | -3,88 |
| [powiat rycki](https://pl.wikipedia.org/wiki/Powiat_rycki) | [Ryki](https://pl.wikipedia.org/wiki/Ryki) | LRY | [lubelskie](https://pl.wikipedia.org/wiki/Wojew%C3%B3dztwo_lubelskie) | 614,53 | 55 841 | 90,87 | -1,39 |
| [powiat rypiński](https://pl.wikipedia.org/wiki/Powiat_rypi%C5%84ski) | [Rypin](https://pl.wikipedia.org/wiki/Rypin) | CRY | [kujawsko-pomorskie](https://pl.wikipedia.org/wiki/Wojew%C3%B3dztwo_kujawsko-pomorskie) | 586,47 | 43 408 | 74,02 | -4,81 |
| [powiat rzeszowski](https://pl.wikipedia.org/wiki/Powiat_rzeszowski) | Rzeszów | RZE, RZZ, RZR, YZE, YZZ, YZR | [podkarpackie](https://pl.wikipedia.org/wiki/Wojew%C3%B3dztwo_podkarpackie) | 1 147,13 | 169 986 | 148,18 | 8,14 |
| [Rzeszów](https://pl.wikipedia.org/wiki/Rzesz%C3%B3w) | miasto na prawach powiatu | RZ, YZ | [podkarpackie](https://pl.wikipedia.org/wiki/Wojew%C3%B3dztwo_podkarpackie) | 126,61 | 196 821 | 1 554,55 | 9,93 |
| [powiat sandomierski](https://pl.wikipedia.org/wiki/Powiat_sandomierski) | [Sandomierz](https://pl.wikipedia.org/wiki/Sandomierz) | TSA | [świętokrzyskie](https://pl.wikipedia.org/wiki/Wojew%C3%B3dztwo_%C5%9Bwi%C4%99tokrzyskie) | 675,89 | 76 736 | 113,53 | -7,96 |
| [powiat sanocki](https://pl.wikipedia.org/wiki/Powiat_sanocki) | [Sanok](https://pl.wikipedia.org/wiki/Sanok) | RSA, YSA | [podkarpackie](https://pl.wikipedia.org/wiki/Wojew%C3%B3dztwo_podkarpackie) | 1 156,43 | 94 166 | 81,43 | -3,25 |
| [powiat sejneński](https://pl.wikipedia.org/wiki/Powiat_sejne%C5%84ski) | [Sejny](https://pl.wikipedia.org/wiki/Sejny) | BSE | [podlaskie](https://pl.wikipedia.org/wiki/Wojew%C3%B3dztwo_podlaskie) | 855,17 | 19 807 | 23,16 | -9,75 |
| [powiat sępoleński](https://pl.wikipedia.org/wiki/Powiat_s%C4%99pole%C5%84ski) | [Sępólno Krajeńskie](https://pl.wikipedia.org/wiki/S%C4%99p%C3%B3lno_Kraje%C5%84skie) | CSE | [kujawsko-pomorskie](https://pl.wikipedia.org/wiki/Wojew%C3%B3dztwo_kujawsko-pomorskie) | 791,09 | 40 922 | 51,73 | -3,24 |
| [Siedlce](https://pl.wikipedia.org/wiki/Siedlce) | miasto na prawach powiatu | WS, AS | [mazowieckie](https://pl.wikipedia.org/wiki/Wojew%C3%B3dztwo_mazowieckie) | 31,86 | 78 258 | 2 456,31 | 3,44 |
| [powiat siedlecki](https://pl.wikipedia.org/wiki/Powiat_siedlecki) | Siedlce | WSI, ASI | [mazowieckie](https://pl.wikipedia.org/wiki/Wojew%C3%B3dztwo_mazowieckie) | 1 603,48 | 81 402 | 50,77 | 1,69 |
| [Siemianowice Śląskie](https://pl.wikipedia.org/wiki/Siemianowice_%C5%9Al%C4%85skie) | miasto na prawach powiatu | SI, II | [śląskie](https://pl.wikipedia.org/wiki/Wojew%C3%B3dztwo_%C5%9Bl%C4%85skie) | 25,50 | 66 587 | 2 611,25 | -5,62 |
| [powiat siemiatycki](https://pl.wikipedia.org/wiki/Powiat_siemiatycki) | [Siemiatycze](https://pl.wikipedia.org/wiki/Siemiatycze) | BSI | [podlaskie](https://pl.wikipedia.org/wiki/Wojew%C3%B3dztwo_podlaskie) | 1 459,46 | 43 910 | 30,09 | -10,28 |
| [powiat sieradzki](https://pl.wikipedia.org/wiki/Powiat_sieradzki) | [Sieradz](https://pl.wikipedia.org/wiki/Sieradz) | ESI | [łódzkie](https://pl.wikipedia.org/wiki/Wojew%C3%B3dztwo_%C5%82%C3%B3dzkie) | 1 490,83 | 117 370 | 78,73 | -4,85 |
| [powiat sierpecki](https://pl.wikipedia.org/wiki/Powiat_sierpecki) | [Sierpc](https://pl.wikipedia.org/wiki/Sierpc) | WSE, ASE | [mazowieckie](https://pl.wikipedia.org/wiki/Wojew%C3%B3dztwo_mazowieckie) | 852,04 | 51 744 | 60,73 | -6,39 |
| [powiat skarżyski](https://pl.wikipedia.org/wiki/Powiat_skar%C5%BCyski) | [Skarżysko-Kamienna](https://pl.wikipedia.org/wiki/Skar%C5%BCysko-Kamienna) | TSK | [świętokrzyskie](https://pl.wikipedia.org/wiki/Wojew%C3%B3dztwo_%C5%9Bwi%C4%99tokrzyskie) | 395,43 | 73 567 | 186,04 | -10,44 |
| [Skierniewice](https://pl.wikipedia.org/wiki/Skierniewice) | miasto na prawach powiatu | ES | [łódzkie](https://pl.wikipedia.org/wiki/Wojew%C3%B3dztwo_%C5%82%C3%B3dzkie) | 34,60 | 47 932 | 1 385,32 | -3,62 |
| [powiat skierniewicki](https://pl.wikipedia.org/wiki/Powiat_skierniewicki) | Skierniewice | ESK | [łódzkie](https://pl.wikipedia.org/wiki/Wojew%C3%B3dztwo_%C5%82%C3%B3dzkie) | 753,38 | 38 156 | 50,65 | -1,23 |
| [powiat sławieński](https://pl.wikipedia.org/wiki/Powiat_s%C5%82awie%C5%84ski) | [Sławno](https://pl.wikipedia.org/wiki/S%C5%82awno) | ZSL | [zachodniopomorskie](https://pl.wikipedia.org/wiki/Wojew%C3%B3dztwo_zachodniopomorskie) | 1 043,20 | 56 010 | 53,69 | -3,93 |
| [powiat słubicki](https://pl.wikipedia.org/wiki/Powiat_s%C5%82ubicki) | [Słubice](https://pl.wikipedia.org/wiki/S%C5%82ubice) | FSL | [lubuskie](https://pl.wikipedia.org/wiki/Wojew%C3%B3dztwo_lubuskie) | 999,29 | 46 897 | 46,93 | -2,57 |
| [powiat słupecki](https://pl.wikipedia.org/wiki/Powiat_s%C5%82upecki) | [Słupca](https://pl.wikipedia.org/wiki/S%C5%82upca) | PSL, MSL | [wielkopolskie](https://pl.wikipedia.org/wiki/Wojew%C3%B3dztwo_wielkopolskie) | 838,01 | 59 029 | 70,44 | -3,66 |
| [Słupsk](https://pl.wikipedia.org/wiki/S%C5%82upsk) | miasto na prawach powiatu | GS, XS | [pomorskie](https://pl.wikipedia.org/wiki/Wojew%C3%B3dztwo_pomorskie) | 43,15 | 90 320 | 2 093,16 | -4,95 |
| [powiat słupski](https://pl.wikipedia.org/wiki/Powiat_s%C5%82upski) | Słupsk | GSL, XSL | [pomorskie](https://pl.wikipedia.org/wiki/Wojew%C3%B3dztwo_pomorskie) | 2 304,24 | 98 781 | 42,87 | -0,12 |
| [powiat sochaczewski](https://pl.wikipedia.org/wiki/Powiat_sochaczewski) | [Sochaczew](https://pl.wikipedia.org/wiki/Sochaczew) | WSC, ASC | [mazowieckie](https://pl.wikipedia.org/wiki/Wojew%C3%B3dztwo_mazowieckie) | 734,80 | 85 001 | 115,68 | -0,27 |
| [powiat sokołowski](https://pl.wikipedia.org/wiki/Powiat_soko%C5%82owski) | [Sokołów Podlaski](https://pl.wikipedia.org/wiki/Soko%C5%82%C3%B3w_Podlaski) | WSK, ASK | [mazowieckie](https://pl.wikipedia.org/wiki/Wojew%C3%B3dztwo_mazowieckie) | 1 131,17 | 53 617 | 47,40 | -6,95 |
| [powiat sokólski](https://pl.wikipedia.org/wiki/Powiat_sok%C3%B3lski) | [Sokółka](https://pl.wikipedia.org/wiki/Sok%C3%B3%C5%82ka) | BSK | [podlaskie](https://pl.wikipedia.org/wiki/Wojew%C3%B3dztwo_podlaskie) | 2 054,50 | 66 286 | 32,26 | -11,47 |
| [Sopot](https://pl.wikipedia.org/wiki/Sopot) | miasto na prawach powiatu | GSP, XSP | [pomorskie](https://pl.wikipedia.org/wiki/Wojew%C3%B3dztwo_pomorskie) | 17,28 | 35 562 | 2 057,99 | -7,40 |
| [Sosnowiec](https://pl.wikipedia.org/wiki/Sosnowiec) | miasto na prawach powiatu | SO, IO | [śląskie](https://pl.wikipedia.org/wiki/Wojew%C3%B3dztwo_%C5%9Bl%C4%85skie) | 91,06 | 198 996 | 2 185,33 | -10,57 |
| [powiat stalowowolski](https://pl.wikipedia.org/wiki/Powiat_stalowowolski) | [Stalowa Wola](https://pl.wikipedia.org/wiki/Stalowa_Wola) | RST, YST | [podkarpackie](https://pl.wikipedia.org/wiki/Wojew%C3%B3dztwo_podkarpackie) | 831,74 | 105 850 | 127,26 | -3,97 |
| [powiat starachowicki](https://pl.wikipedia.org/wiki/Powiat_starachowicki) | [Starachowice](https://pl.wikipedia.org/wiki/Starachowice) | TST | [świętokrzyskie](https://pl.wikipedia.org/wiki/Wojew%C3%B3dztwo_%C5%9Bwi%C4%99tokrzyskie) | 523,41 | 89 152 | 170,33 | -8,60 |
| [powiat stargardzki](https://pl.wikipedia.org/wiki/Powiat_stargardzki) | [Stargard](https://pl.wikipedia.org/wiki/Stargard) | ZST | [zachodniopomorskie](https://pl.wikipedia.org/wiki/Wojew%C3%B3dztwo_zachodniopomorskie) | 1 519,94 | 120 151 | 79,05 | 0,52 |
| [powiat starogardzki](https://pl.wikipedia.org/wiki/Powiat_starogardzki) | [Starogard Gdański](https://pl.wikipedia.org/wiki/Starogard_Gda%C5%84ski) | GST, XST | [pomorskie](https://pl.wikipedia.org/wiki/Wojew%C3%B3dztwo_pomorskie) | 1 345,34 | 128 264 | 95,34 | 1,63 |
| [powiat staszowski](https://pl.wikipedia.org/wiki/Powiat_staszowski) | [Staszów](https://pl.wikipedia.org/wiki/Stasz%C3%B3w) | TSZ | [świętokrzyskie](https://pl.wikipedia.org/wiki/Wojew%C3%B3dztwo_%C5%9Bwi%C4%99tokrzyskie) | 924,80 | 71 574 | 77,33 | -5,92 |
| [powiat strzelecki](https://pl.wikipedia.org/wiki/Powiat_strzelecki) | [Strzelce Opolskie](https://pl.wikipedia.org/wiki/Strzelce_Opolskie) | OST | [opolskie](https://pl.wikipedia.org/wiki/Wojew%C3%B3dztwo_opolskie) | 744,27 | 74 171 | 99,66 | -3,88 |
| [powiat strzelecko-drezdenecki](https://pl.wikipedia.org/wiki/Powiat_strzelecko-drezdenecki) | [Strzelce Krajeńskie](https://pl.wikipedia.org/wiki/Strzelce_Kraje%C5%84skie) | FSD | [lubuskie](https://pl.wikipedia.org/wiki/Wojew%C3%B3dztwo_lubuskie) | 1 247,86 | 48 855 | 39,15 | -6,12 |
| [powiat strzeliński](https://pl.wikipedia.org/wiki/Powiat_strzeli%C5%84ski) | [Strzelin](https://pl.wikipedia.org/wiki/Strzelin) | DST, VST | [dolnośląskie](https://pl.wikipedia.org/wiki/Wojew%C3%B3dztwo_dolno%C5%9Bl%C4%85skie) | 622,06 | 43 456 | 69,86 | -5,88 |
| [powiat strzyżowski](https://pl.wikipedia.org/wiki/Powiat_strzy%C5%BCowski) | [Strzyżów](https://pl.wikipedia.org/wiki/Strzy%C5%BC%C3%B3w) | RSR, YSR | [podkarpackie](https://pl.wikipedia.org/wiki/Wojew%C3%B3dztwo_podkarpackie) | 503,47 | 61 295 | 121,75 | -3,41 |
| [powiat sulęciński](https://pl.wikipedia.org/wiki/Powiat_sul%C4%99ci%C5%84ski) | [Sulęcin](https://pl.wikipedia.org/wiki/Sul%C4%99cin) | FSU | [lubuskie](https://pl.wikipedia.org/wiki/Wojew%C3%B3dztwo_lubuskie) | 1 177,80 | 35 110 | 29,81 | -3,63 |
| [powiat suski](https://pl.wikipedia.org/wiki/Powiat_suski) | [Sucha Beskidzka](https://pl.wikipedia.org/wiki/Sucha_Beskidzka) | KSU, JSU | [małopolskie](https://pl.wikipedia.org/wiki/Wojew%C3%B3dztwo_ma%C5%82opolskie) | 685,71 | 84 197 | 122,79 | 0,44 |
| [powiat suwalski](https://pl.wikipedia.org/wiki/Powiat_suwalski) | Suwałki | BSU | [podlaskie](https://pl.wikipedia.org/wiki/Wojew%C3%B3dztwo_podlaskie) | 1307,00 | 35 606 | 27,24 | -2,33 |
| [Suwałki](https://pl.wikipedia.org/wiki/Suwa%C5%82ki) | miasto na prawach powiatu | BS | [podlaskie](https://pl.wikipedia.org/wiki/Wojew%C3%B3dztwo_podlaskie) | 65,51 | 69 786 | 1 065,27 | -1,03 |
| [powiat szamotulski](https://pl.wikipedia.org/wiki/Powiat_szamotulski) | [Szamotuły](https://pl.wikipedia.org/wiki/Szamotu%C5%82y) | PSZ, MSZ | [wielkopolskie](https://pl.wikipedia.org/wiki/Wojew%C3%B3dztwo_wielkopolskie) | 1 119,29 | 91 720 | 81,94 | 4,57 |
| [Szczecin](https://pl.wikipedia.org/wiki/Szczecin) | miasto na prawach powiatu | ZS, ZZ | [zachodniopomorskie](https://pl.wikipedia.org/wiki/Wojew%C3%B3dztwo_zachodniopomorskie) | 300,60 | 400 990 | 1 333,97 | -2,68 |
| [powiat szczecinecki](https://pl.wikipedia.org/wiki/Powiat_szczecinecki) | [Szczecinek](https://pl.wikipedia.org/wiki/Szczecinek) | ZSZ | [zachodniopomorskie](https://pl.wikipedia.org/wiki/Wojew%C3%B3dztwo_zachodniopomorskie) | 1 765,42 | 77 394 | 43,84 | -4,34 |
| [powiat szczycieński](https://pl.wikipedia.org/wiki/Powiat_szczycie%C5%84ski) | [Szczytno](https://pl.wikipedia.org/wiki/Szczytno) | NSZ | [warmińsko-mazurskie](https://pl.wikipedia.org/wiki/Wojew%C3%B3dztwo_warmi%C5%84sko-mazurskie) | 1 933,21 | 69 263 | 35,83 | -5,96 |
| [powiat sztumski](https://pl.wikipedia.org/wiki/Powiat_sztumski) | [Sztum](https://pl.wikipedia.org/wiki/Sztum) | GSZ, XSZ | [pomorskie](https://pl.wikipedia.org/wiki/Wojew%C3%B3dztwo_pomorskie) | 730,74 | 41 141 | 56,30 | -8,08 |
| [powiat szydłowiecki](https://pl.wikipedia.org/wiki/Powiat_szyd%C5%82owiecki) | [Szydłowiec](https://pl.wikipedia.org/wiki/Szyd%C5%82owiec) | WSZ, ASZ | [mazowieckie](https://pl.wikipedia.org/wiki/Wojew%C3%B3dztwo_mazowieckie) | 451,81 | 39 547 | 87,53 | -5,51 |
| [powiat średzki](https://pl.wikipedia.org/wiki/Powiat_%C5%9Bredzki_(wojew%C3%B3dztwo_wielkopolskie)) | [Środa Wielkopolska](https://pl.wikipedia.org/wiki/%C5%9Aroda_Wielkopolska) | PSR, MSR | [wielkopolskie](https://pl.wikipedia.org/wiki/Wojew%C3%B3dztwo_wielkopolskie) | 623,86 | 59 033 | 94,63 | 6,29 |
| [powiat średzki](https://pl.wikipedia.org/wiki/Powiat_%C5%9Bredzki_(wojew%C3%B3dztwo_dolno%C5%9Bl%C4%85skie)) | [Środa Śląska](https://pl.wikipedia.org/wiki/%C5%9Aroda_%C5%9Al%C4%85ska) | DSR, VSR | [dolnośląskie](https://pl.wikipedia.org/wiki/Wojew%C3%B3dztwo_dolno%C5%9Bl%C4%85skie) | 704,14 | 55 356 | 78,62 | 12,99 |
| [powiat śremski](https://pl.wikipedia.org/wiki/Powiat_%C5%9Bremski) | [Śrem](https://pl.wikipedia.org/wiki/%C5%9Arem) | PSE, MSE | [wielkopolskie](https://pl.wikipedia.org/wiki/Wojew%C3%B3dztwo_wielkopolskie) | 574,10 | 61 455 | 107,05 | 2,48 |
| [powiat świdnicki](https://pl.wikipedia.org/wiki/Powiat_%C5%9Bwidnicki_(wojew%C3%B3dztwo_lubelskie)) | [Świdnik](https://pl.wikipedia.org/wiki/%C5%9Awidnik) | LSW | [lubelskie](https://pl.wikipedia.org/wiki/Wojew%C3%B3dztwo_lubelskie) | 468,35 | 71 739 | 153,17 | -2,20 |
| [powiat świdnicki](https://pl.wikipedia.org/wiki/Powiat_%C5%9Bwidnicki_(wojew%C3%B3dztwo_dolno%C5%9Bl%C4%85skie)) | [Świdnica](https://pl.wikipedia.org/wiki/%C5%9Awidnica) | DSW, VSW | [dolnośląskie](https://pl.wikipedia.org/wiki/Wojew%C3%B3dztwo_dolno%C5%9Bl%C4%85skie) | 741,14 | 156 550 | 211,23 | -4,00 |
| [powiat świdwiński](https://pl.wikipedia.org/wiki/Powiat_%C5%9Bwidwi%C5%84ski) | [Świdwin](https://pl.wikipedia.org/wiki/%C5%9Awidwin) | ZSD | [zachodniopomorskie](https://pl.wikipedia.org/wiki/Wojew%C3%B3dztwo_zachodniopomorskie) | 1 093,06 | 46 526 | 42,56 | -10,02 |
| [powiat świebodziński](https://pl.wikipedia.org/wiki/Powiat_%C5%9Bwiebodzi%C5%84ski) | [Świebodzin](https://pl.wikipedia.org/wiki/%C5%9Awiebodzin) | FSW | [lubuskie](https://pl.wikipedia.org/wiki/Wojew%C3%B3dztwo_lubuskie) | 936,57 | 55 678 | 59,45 | -1,35 |
| [powiat świecki](https://pl.wikipedia.org/wiki/Powiat_%C5%9Bwiecki) | [Świecie](https://pl.wikipedia.org/wiki/%C5%9Awiecie) | CSW | [kujawsko-pomorskie](https://pl.wikipedia.org/wiki/Wojew%C3%B3dztwo_kujawsko-pomorskie) | 1 474,18 | 98 930 | 67,11 | -2,26 |
| [Świętochłowice](https://pl.wikipedia.org/wiki/%C5%9Awi%C4%99toch%C5%82owice) | miasto na prawach powiatu | SW, IW | [śląskie](https://pl.wikipedia.org/wiki/Wojew%C3%B3dztwo_%C5%9Bl%C4%85skie) | 13,31 | 49 363 | 3 708,72 | -8,02 |
| [Świnoujście](https://pl.wikipedia.org/wiki/%C5%9Awinouj%C5%9Bcie) | miasto na prawach powiatu | ZSW | [zachodniopomorskie](https://pl.wikipedia.org/wiki/Wojew%C3%B3dztwo_zachodniopomorskie) | 202,07 | 40 864 | 202,23 | -0,46 |
| [Tarnobrzeg](https://pl.wikipedia.org/wiki/Tarnobrzeg) | miasto na prawach powiatu | RT, YT | [podkarpackie](https://pl.wikipedia.org/wiki/Wojew%C3%B3dztwo_podkarpackie) | 85,40 | 46 588 | 545,53 | -6,80 |
| [powiat tarnobrzeski](https://pl.wikipedia.org/wiki/Powiat_tarnobrzeski) | Tarnobrzeg | RTA, YTA | [podkarpackie](https://pl.wikipedia.org/wiki/Wojew%C3%B3dztwo_podkarpackie) | 521,06 | 52 871 | 101,47 | -4,59 |
| [powiat tarnogórski](https://pl.wikipedia.org/wiki/Powiat_tarnog%C3%B3rski) | [Tarnowskie Góry](https://pl.wikipedia.org/wiki/Tarnowskie_G%C3%B3ry) | STA, ITA | [śląskie](https://pl.wikipedia.org/wiki/Wojew%C3%B3dztwo_%C5%9Bl%C4%85skie) | 644,19 | 140 799 | 218,57 | 5,55 |
| [powiat tarnowski](https://pl.wikipedia.org/wiki/Powiat_tarnowski) | Tarnów | KTA, JTA | [małopolskie](https://pl.wikipedia.org/wiki/Wojew%C3%B3dztwo_ma%C5%82opolskie) | 1 411,58 | 201 454 | 142,72 | -0,27 |
| [Tarnów](https://pl.wikipedia.org/wiki/Tarn%C3%B3w) | miasto na prawach powiatu | KT, JT | [małopolskie](https://pl.wikipedia.org/wiki/Wojew%C3%B3dztwo_ma%C5%82opolskie) | 72,38 | 108 177 | 1 494,57 | -3,71 |
| [powiat tatrzański](https://pl.wikipedia.org/wiki/Powiat_tatrza%C5%84ski) | [Zakopane](https://pl.wikipedia.org/wiki/Zakopane) | KTT, JTT | [małopolskie](https://pl.wikipedia.org/wiki/Wojew%C3%B3dztwo_ma%C5%82opolskie) | 471,65 | 68 120 | 144,43 | -0,22 |
| [powiat tczewski](https://pl.wikipedia.org/wiki/Powiat_tczewski) | [Tczew](https://pl.wikipedia.org/wiki/Tczew) | GTC, XTC | [pomorskie](https://pl.wikipedia.org/wiki/Wojew%C3%B3dztwo_pomorskie) | 697,11 | 115 641 | 165,89 | -0,84 |
| [powiat tomaszowski](https://pl.wikipedia.org/wiki/Powiat_tomaszowski_(wojew%C3%B3dztwo_%C5%82%C3%B3dzkie)) | [Tomaszów Mazowiecki](https://pl.wikipedia.org/wiki/Tomasz%C3%B3w_Mazowiecki) | ETM | [łódzkie](https://pl.wikipedia.org/wiki/Wojew%C3%B3dztwo_%C5%82%C3%B3dzkie) | 1 024,79 | 116 141 | 113,33 | -9,75 |
| [powiat tomaszowski](https://pl.wikipedia.org/wiki/Powiat_tomaszowski_(wojew%C3%B3dztwo_lubelskie)) | [Tomaszów Lubelski](https://pl.wikipedia.org/wiki/Tomasz%C3%B3w_Lubelski) | LTM | [lubelskie](https://pl.wikipedia.org/wiki/Wojew%C3%B3dztwo_lubelskie) | 1 488,89 | 82 337 | 55,30 | -5,99 |
| [Toruń](https://pl.wikipedia.org/wiki/Toru%C5%84) | miasto na prawach powiatu | CT | [kujawsko-pomorskie](https://pl.wikipedia.org/wiki/Wojew%C3%B3dztwo_kujawsko-pomorskie) | 115,72 | 201 106 | 1 737,87 | -3,43 |
| [powiat toruński](https://pl.wikipedia.org/wiki/Powiat_toru%C5%84ski) | Toruń | CTR | [kujawsko-pomorskie](https://pl.wikipedia.org/wiki/Wojew%C3%B3dztwo_kujawsko-pomorskie) | 1 230,42 | 108 938 | 88,54 | 12,05 |
| [powiat trzebnicki](https://pl.wikipedia.org/wiki/Powiat_trzebnicki) | [Trzebnica](https://pl.wikipedia.org/wiki/Trzebnica) | DTR, VTR | [dolnośląskie](https://pl.wikipedia.org/wiki/Wojew%C3%B3dztwo_dolno%C5%9Bl%C4%85skie) | 1 024,78 | 85 401 | 83,34 | 3,63 |
| [powiat tucholski](https://pl.wikipedia.org/wiki/Powiat_tucholski) | [Tuchola](https://pl.wikipedia.org/wiki/Tuchola) | CTU | [kujawsko-pomorskie](https://pl.wikipedia.org/wiki/Wojew%C3%B3dztwo_kujawsko-pomorskie) | 1 075,46 | 48 338 | 44,95 | 0,19 |
| [powiat turecki](https://pl.wikipedia.org/wiki/Powiat_turecki) | [Turek](https://pl.wikipedia.org/wiki/Turek) | PTU, MTU | [wielkopolskie](https://pl.wikipedia.org/wiki/Wojew%C3%B3dztwo_wielkopolskie) | 929,43 | 83 818 | 90,18 | -2,14 |
| [Tychy](https://pl.wikipedia.org/wiki/Tychy) | miasto na prawach powiatu | ST, IT | [śląskie](https://pl.wikipedia.org/wiki/Wojew%C3%B3dztwo_%C5%9Bl%C4%85skie) | 81,81 | 127 307 | 1 556,13 | -2,80 |
| [powiat wadowicki](https://pl.wikipedia.org/wiki/Powiat_wadowicki) | [Wadowice](https://pl.wikipedia.org/wiki/Wadowice) | KWA, JWA | [małopolskie](https://pl.wikipedia.org/wiki/Wojew%C3%B3dztwo_ma%C5%82opolskie) | 645,88 | 159 971 | 247,68 | -0,68 |
| [Wałbrzych](https://pl.wikipedia.org/wiki/Wa%C5%82brzych) | miasto na prawach powiatu | DB, VB | [dolnośląskie](https://pl.wikipedia.org/wiki/Wojew%C3%B3dztwo_dolno%C5%9Bl%C4%85skie) | 84,7 | 110 603 | 1 305,82 | -11,56 |
| [powiat wałbrzyski](https://pl.wikipedia.org/wiki/Powiat_wa%C5%82brzyski) | Wałbrzych | DBA, VBA | [dolnośląskie](https://pl.wikipedia.org/wiki/Wojew%C3%B3dztwo_dolno%C5%9Bl%C4%85skie) | 430,22 | 55 414 | 128,80 | -7,27 |
| [powiat wałecki](https://pl.wikipedia.org/wiki/Powiat_wa%C5%82ecki) | [Wałcz](https://pl.wikipedia.org/wiki/Wa%C5%82cz) | ZWA | [zachodniopomorskie](https://pl.wikipedia.org/wiki/Wojew%C3%B3dztwo_zachodniopomorskie) | 1 414,98 | 52 929 | 37,41 | -7,43 |
| [Warszawa](https://pl.wikipedia.org/wiki/Warszawa) | miasto na prawach powiatu | WA, WB, WD, WE, WF, WH, WI, WJ, WK, WN, WT, WU, WW, WX, WY, AA, AB, AD, AE, AF, AH, AI, AJ, AK, AN, AT, AU, AW, AX, AY | [mazowieckie](https://pl.wikipedia.org/wiki/Wojew%C3%B3dztwo_mazowieckie) | 517,24 | 1 793 579 | 3 467,60 | 5,75 |
| [powiat warszawski zachodni](https://pl.wikipedia.org/wiki/Powiat_warszawski_zachodni) | [Ożarów Mazowiecki](https://pl.wikipedia.org/wiki/O%C5%BCar%C3%B3w_Mazowiecki) | WZ, AZ | [mazowieckie](https://pl.wikipedia.org/wiki/Wojew%C3%B3dztwo_mazowieckie) | 533,79 | 119 503 | 223,88 | 14,60 |
| [powiat wąbrzeski](https://pl.wikipedia.org/wiki/Powiat_w%C4%85brzeski) | [Wąbrzeźno](https://pl.wikipedia.org/wiki/W%C4%85brze%C5%BAno) | CWA | [kujawsko-pomorskie](https://pl.wikipedia.org/wiki/Wojew%C3%B3dztwo_kujawsko-pomorskie) | 501,95 | 34 115 | 67,96 | -5,31 |
| [powiat wągrowiecki](https://pl.wikipedia.org/wiki/Powiat_w%C4%85growiecki) | [Wągrowiec](https://pl.wikipedia.org/wiki/W%C4%85growiec) | PWA, MWA | [wielkopolskie](https://pl.wikipedia.org/wiki/Wojew%C3%B3dztwo_wielkopolskie) | 1 039,65 | 70 216 | 67,54 | -1,21 |
| [powiat wejherowski](https://pl.wikipedia.org/wiki/Powiat_wejherowski) | [Wejherowo](https://pl.wikipedia.org/wiki/Wejherowo) | GWE, GWO, XWE, XWO | [pomorskie](https://pl.wikipedia.org/wiki/Wojew%C3%B3dztwo_pomorskie) | 1 285,25 | 218 766 | 170,21 | 9,24 |
| [powiat węgorzewski](https://pl.wikipedia.org/wiki/Powiat_w%C4%99gorzewski) | [Węgorzewo](https://pl.wikipedia.org/wiki/W%C4%99gorzewo) | NWE | [warmińsko-mazurskie](https://pl.wikipedia.org/wiki/Wojew%C3%B3dztwo_warmi%C5%84sko-mazurskie) | 693,22 | 22 555 | 32,54 | -10,57 |
| [powiat węgrowski](https://pl.wikipedia.org/wiki/Powiat_w%C4%99growski) | [Węgrów](https://pl.wikipedia.org/wiki/W%C4%99gr%C3%B3w) | WWE, AWE | [mazowieckie](https://pl.wikipedia.org/wiki/Wojew%C3%B3dztwo_mazowieckie) | 1 220,76 | 65 641 | 53,77 | -6,00 |
| [powiat wielicki](https://pl.wikipedia.org/wiki/Powiat_wielicki) | [Wieliczka](https://pl.wikipedia.org/wiki/Wieliczka) | KWI, JWI | [małopolskie](https://pl.wikipedia.org/wiki/Wojew%C3%B3dztwo_ma%C5%82opolskie) | 410,78 | 129 984 | 316,43 | 15,74 |
| [powiat wieluński](https://pl.wikipedia.org/wiki/Powiat_wielu%C5%84ski) | [Wieluń](https://pl.wikipedia.org/wiki/Wielu%C5%84) | EWI | [łódzkie](https://pl.wikipedia.org/wiki/Wojew%C3%B3dztwo_%C5%82%C3%B3dzkie) | 926,48 | 76 081 | 82,12 | -5,17 |
| [powiat wieruszowski](https://pl.wikipedia.org/wiki/Powiat_wieruszowski) | [Wieruszów](https://pl.wikipedia.org/wiki/Wierusz%C3%B3w) | EWE | [łódzkie](https://pl.wikipedia.org/wiki/Wojew%C3%B3dztwo_%C5%82%C3%B3dzkie) | 577,13 | 42 050 | 72,86 | -2,70 |
| [Włocławek](https://pl.wikipedia.org/wiki/W%C5%82oc%C5%82awek) | miasto na prawach powiatu | CW | [kujawsko-pomorskie](https://pl.wikipedia.org/wiki/Wojew%C3%B3dztwo_kujawsko-pomorskie) | 84,32 | 109 347 | 1 296,81 | -8,52 |
| [powiat włocławski](https://pl.wikipedia.org/wiki/Powiat_w%C5%82oc%C5%82awski) | Włocławek | CWL | [kujawsko-pomorskie](https://pl.wikipedia.org/wiki/Wojew%C3%B3dztwo_kujawsko-pomorskie) | 1 473,63 | 85 893 | 58,29 | -2,76 |
| [powiat włodawski](https://pl.wikipedia.org/wiki/Powiat_w%C5%82odawski) | [Włodawa](https://pl.wikipedia.org/wiki/W%C5%82odawa) | LWL | [lubelskie](https://pl.wikipedia.org/wiki/Wojew%C3%B3dztwo_lubelskie) | 1 256,42 | 38 207 | 30,41 | -8,23 |
| [powiat włoszczowski](https://pl.wikipedia.org/wiki/Powiat_w%C5%82oszczowski) | [Włoszczowa](https://pl.wikipedia.org/wiki/W%C5%82oszczowa) | TLW | [świętokrzyskie](https://pl.wikipedia.org/wiki/Wojew%C3%B3dztwo_%C5%9Bwi%C4%99tokrzyskie) | 907,86 | 44 933 | 49,49 | -4,52 |
| [powiat wodzisławski](https://pl.wikipedia.org/wiki/Powiat_wodzis%C5%82awski) | [Wodzisław Śląski](https://pl.wikipedia.org/wiki/Wodzis%C5%82aw_%C5%9Al%C4%85ski) | SWD, SWZ, IWD, IWZ | [śląskie](https://pl.wikipedia.org/wiki/Wojew%C3%B3dztwo_%C5%9Bl%C4%85skie) | 286,75 | 156 939 | 547,30 | -2,59 |
| [powiat wolsztyński](https://pl.wikipedia.org/wiki/Powiat_wolszty%C5%84ski) | [Wolsztyn](https://pl.wikipedia.org/wiki/Wolsztyn) | PWL, MWL | [wielkopolskie](https://pl.wikipedia.org/wiki/Wojew%C3%B3dztwo_wielkopolskie) | 679,73 | 57 534 | 84,64 | 3,21 |
| [powiat wołomiński](https://pl.wikipedia.org/wiki/Powiat_wo%C5%82omi%C5%84ski) | [Wołomin](https://pl.wikipedia.org/wiki/Wo%C5%82omin) | WWL, WV, AWL, AV | [mazowieckie](https://pl.wikipedia.org/wiki/Wojew%C3%B3dztwo_mazowieckie) | 953,56 | 251 276 | 263,51 | 16,13 |
| [powiat wołowski](https://pl.wikipedia.org/wiki/Powiat_wo%C5%82owski) | [Wołów](https://pl.wikipedia.org/wiki/Wo%C5%82%C3%B3w) | DWL, VWL | [dolnośląskie](https://pl.wikipedia.org/wiki/Wojew%C3%B3dztwo_dolno%C5%9Bl%C4%85skie) | 674,96 | 46 725 | 69,23 | -4,03 |
| [Wrocław](https://pl.wikipedia.org/wiki/Wroc%C5%82aw) | miasto na prawach powiatu | DW, DX, VW, VX | [dolnośląskie](https://pl.wikipedia.org/wiki/Wojew%C3%B3dztwo_dolno%C5%9Bl%C4%85skie) | 292,82 | 643 782 | 2 198,56 | 3,39 |
| [powiat wrocławski](https://pl.wikipedia.org/wiki/Powiat_wroc%C5%82awski) | Wrocław | DWR, VWR | [dolnośląskie](https://pl.wikipedia.org/wiki/Wojew%C3%B3dztwo_dolno%C5%9Bl%C4%85skie) | 1 117,70 | 153 876 | 137,67 | 35,07 |
| [powiat wrzesiński](https://pl.wikipedia.org/wiki/Powiat_wrzesi%C5%84ski) | [Września](https://pl.wikipedia.org/wiki/Wrze%C5%9Bnia) | PWR, MWR | [wielkopolskie](https://pl.wikipedia.org/wiki/Wojew%C3%B3dztwo_wielkopolskie) | 703,57 | 78 089 | 110,99 | 3,46 |
| [powiat wschowski](https://pl.wikipedia.org/wiki/Powiat_wschowski) | [Wschowa](https://pl.wikipedia.org/wiki/Wschowa) | FWS | [lubuskie](https://pl.wikipedia.org/wiki/Wojew%C3%B3dztwo_lubuskie) | 624,20 | 38 787 | 62,14 | -4,44 |
| [powiat wysokomazowiecki](https://pl.wikipedia.org/wiki/Powiat_wysokomazowiecki) | [Wysokie Mazowieckie](https://pl.wikipedia.org/wiki/Wysokie_Mazowieckie) | BWM | [podlaskie](https://pl.wikipedia.org/wiki/Wojew%C3%B3dztwo_podlaskie) | 1 288,91 | 56 652 | 43,95 | -6,99 |
| [powiat wyszkowski](https://pl.wikipedia.org/wiki/Powiat_wyszkowski) | [Wyszków](https://pl.wikipedia.org/wiki/Wyszk%C3%B3w) | WWY, AWY | [mazowieckie](https://pl.wikipedia.org/wiki/Wojew%C3%B3dztwo_mazowieckie) | 876,43 | 74 283 | 84,76 | 2,55 |
| [Zabrze](https://pl.wikipedia.org/wiki/Zabrze) | miasto na prawach powiatu | SZ, IZ | [śląskie](https://pl.wikipedia.org/wiki/Wojew%C3%B3dztwo_%C5%9Bl%C4%85skie) | 80,40 | 171 691 | 2 135,46 | -6,45 |
| [powiat zambrowski](https://pl.wikipedia.org/wiki/Powiat_zambrowski) | [Zambrów](https://pl.wikipedia.org/wiki/Zambr%C3%B3w) | BZA | [podlaskie](https://pl.wikipedia.org/wiki/Wojew%C3%B3dztwo_podlaskie) | 733,12 | 43 390 | 59,19 | -6,25 |
| [powiat zamojski](https://pl.wikipedia.org/wiki/Powiat_zamojski) | Zamość | LZA | [lubelskie](https://pl.wikipedia.org/wiki/Wojew%C3%B3dztwo_lubelskie) | 1 870,29 | 105 839 | 56,59 | -6,45 |
| [Zamość](https://pl.wikipedia.org/wiki/Zamo%C5%9B%C4%87) | miasto na prawach powiatu | LZ | [lubelskie](https://pl.wikipedia.org/wiki/Wojew%C3%B3dztwo_lubelskie) | 30,34 | 63 223 | 2 083,82 | -4,53 |
| [powiat zawierciański](https://pl.wikipedia.org/wiki/Powiat_zawiercia%C5%84ski) | [Zawiercie](https://pl.wikipedia.org/wiki/Zawiercie) | SZA, IZA | [śląskie](https://pl.wikipedia.org/wiki/Wojew%C3%B3dztwo_%C5%9Bl%C4%85skie) | 1 002,23 | 117 137 | 116,88 | -7,48 |
| [powiat ząbkowicki](https://pl.wikipedia.org/wiki/Powiat_z%C4%85bkowicki) | [Ząbkowice Śląskie](https://pl.wikipedia.org/wiki/Z%C4%85bkowice_%C5%9Al%C4%85skie) | DZA, VZA | [dolnośląskie](https://pl.wikipedia.org/wiki/Wojew%C3%B3dztwo_dolno%C5%9Bl%C4%85skie) | 801,53 | 64 486 | 80,45 | -9,49 |
| [powiat zduńskowolski](https://pl.wikipedia.org/wiki/Powiat_zdu%C5%84skowolski) | [Zduńska Wola](https://pl.wikipedia.org/wiki/Zdu%C5%84ska_Wola) | EZD | [łódzkie](https://pl.wikipedia.org/wiki/Wojew%C3%B3dztwo_%C5%82%C3%B3dzkie) | 369,23 | 66 232 | 179,38 | -4,76 |
| [powiat zgierski](https://pl.wikipedia.org/wiki/Powiat_zgierski) | [Zgierz](https://pl.wikipedia.org/wiki/Zgierz) | EZG | [łódzkie](https://pl.wikipedia.org/wiki/Wojew%C3%B3dztwo_%C5%82%C3%B3dzkie) | 855,18 | 166 154 | 194,29 | 1,04 |
| [powiat zgorzelecki](https://pl.wikipedia.org/wiki/Powiat_zgorzelecki) | [Zgorzelec](https://pl.wikipedia.org/wiki/Zgorzelec) | DZG, VZG | [dolnośląskie](https://pl.wikipedia.org/wiki/Wojew%C3%B3dztwo_dolno%C5%9Bl%C4%85skie) | 838,60 | 88 770 | 105,85 | -9,40 |
| [Zielona Góra](https://pl.wikipedia.org/wiki/Zielona_G%C3%B3ra) | miasto na prawach powiatu | FZ | [lubuskie](https://pl.wikipedia.org/wiki/Wojew%C3%B3dztwo_lubuskie) | 278,32 | 141 280 | 507,62 | 2,88 |
| [powiat zielonogórski](https://pl.wikipedia.org/wiki/Powiat_zielonog%C3%B3rski) | Zielona Góra | FZI | [lubuskie](https://pl.wikipedia.org/wiki/Wojew%C3%B3dztwo_lubuskie) | 1 349,75 | 75 646 | 56,04 | 0,26 |
| [powiat złotoryjski](https://pl.wikipedia.org/wiki/Powiat_z%C5%82otoryjski) | [Złotoryja](https://pl.wikipedia.org/wiki/Z%C5%82otoryja) | DZL, VZL | [dolnośląskie](https://pl.wikipedia.org/wiki/Wojew%C3%B3dztwo_dolno%C5%9Bl%C4%85skie) | 575,81 | 43 274 | 75,15 | -10,18 |
| [powiat złotowski](https://pl.wikipedia.org/wiki/Powiat_z%C5%82otowski) | [Złotów](https://pl.wikipedia.org/wiki/Z%C5%82ot%C3%B3w) | PZL, MZL | [wielkopolskie](https://pl.wikipedia.org/wiki/Wojew%C3%B3dztwo_wielkopolskie) | 1 660,17 | 69 282 | 41,73 | -3,21 |
| [powiat zwoleński](https://pl.wikipedia.org/wiki/Powiat_zwole%C5%84ski) | [Zwoleń](https://pl.wikipedia.org/wiki/Zwole%C5%84_(powiat_zwole%C5%84ski)) | WZW, AZW | [mazowieckie](https://pl.wikipedia.org/wiki/Wojew%C3%B3dztwo_mazowieckie) | 573,30 | 36 026 | 62,84 | -5,41 |
| [powiat żagański](https://pl.wikipedia.org/wiki/Powiat_%C5%BCaga%C5%84ski) | [Żagań](https://pl.wikipedia.org/wiki/%C5%BBaga%C5%84) | FZG | [lubuskie](https://pl.wikipedia.org/wiki/Wojew%C3%B3dztwo_lubuskie) | 1 131,82 | 78 634 | 69,48 | -8,36 |
| [powiat żarski](https://pl.wikipedia.org/wiki/Powiat_%C5%BCarski) | [Żary](https://pl.wikipedia.org/wiki/%C5%BBary) | FZA | [lubuskie](https://pl.wikipedia.org/wiki/Wojew%C3%B3dztwo_lubuskie) | 1 392,78 | 95 801 | 68,78 | -7,20 |
| [powiat żniński](https://pl.wikipedia.org/wiki/Powiat_%C5%BCni%C5%84ski) | [Żnin](https://pl.wikipedia.org/wiki/%C5%BBnin) | CZN | [kujawsko-pomorskie](https://pl.wikipedia.org/wiki/Wojew%C3%B3dztwo_kujawsko-pomorskie) | 984,77 | 70 070 | 71,15 | -2,34 |
| [Żory](https://pl.wikipedia.org/wiki/%C5%BBory) | miasto na prawach powiatu | SZO, IZO | [śląskie](https://pl.wikipedia.org/wiki/Wojew%C3%B3dztwo_%C5%9Bl%C4%85skie) | 64,64 | 62 670 | 969,52 | 3,33 |
| [powiat żuromiński](https://pl.wikipedia.org/wiki/Powiat_%C5%BCuromi%C5%84ski) | [Żuromin](https://pl.wikipedia.org/wiki/%C5%BBuromin) | WZU, AZU | [mazowieckie](https://pl.wikipedia.org/wiki/Wojew%C3%B3dztwo_mazowieckie) | 806,60 | 38 337 | 47,53 | -9,07 |
| [powiat żyrardowski](https://pl.wikipedia.org/wiki/Powiat_%C5%BCyrardowski) | [Żyrardów](https://pl.wikipedia.org/wiki/%C5%BByrard%C3%B3w) | WZY, AZY | [mazowieckie](https://pl.wikipedia.org/wiki/Wojew%C3%B3dztwo_mazowieckie) | 532,54 | 75 616 | 141,99 | -2,26 |
| [powiat żywiecki](https://pl.wikipedia.org/wiki/Powiat_%C5%BCywiecki) | [Żywiec](https://pl.wikipedia.org/wiki/%C5%BBywiec) | SZY, IZY | [śląskie](https://pl.wikipedia.org/wiki/Wojew%C3%B3dztwo_%C5%9Bl%C4%85skie) | 1 040,06 | 152 450 | 146,58 | -2,79 |
